이름,성별,연령대,거주 지역,고객 등급,차량 유형,차량 구매 횟수,할부 여부,구매 경로,최근 거래 금액,누적 구매 금액,평균 구매 금액,고객 충성도 지수,고객 평생 가치
최채원,남성,20대 중반,인천광역시,VIP,세단,1,0,0,23630000,23630000,23630000.0,0.86,779930
정지후,여성,40대 초반,광주광역시,일반,세단,5,1,1,68340000,341700000,68340000.0,0.95,23907120
구하람,여성,40대 초반,광주광역시,VIP,세단,5,1,1,69630000,348150000,69630000.0,0.31,23907120
구하람,남성,40대 초반,광주광역시,VIP,해치백,5,0,0,18910000,94550000,18910000.0,0.39,23907120
강민준,남성,40대 초반,광주광역시,일반,SUV,5,0,0,52720000,263600000,52720000.0,0.13,23907120
남다연,남성,40대 초반,광주광역시,일반,SUV,5,1,0,63870000,319350000,63870000.0,0.94,23907120
송은우,여성,20대 중반,부산광역시,신규,세단,1,1,0,42340000,42340000,42340000.0,0.23,3442560
서이안,여성,60대 중반,전라남도 목포시,VIP,세단,1,0,0,69860000,69860000,69860000.0,0.45,1793050
배서아,남성,50대 중반,경기도 수원시,신규,SUV,1,0,0,41900000,41900000,41900000.0,0.44,1618320
최채원,여성,60대 중반,울산광역시,일반,SUV,1,0,0,23040000,23040000,23040000.0,0.57,1707140
서이안,여성,20대 후반,경기도 수원시,일반,SUV,1,0,0,19740000,19740000,19740000.0,0.74,9762120
백시우,여성,40대 중반,인천광역시,신규,세단,1,1,1,21000000,21000000,21000000.0,0.35,7273000
조세윤,여성,40대 후반,서울특별시,일반,SUV,1,1,0,51450000,51450000,51450000.0,0.43,1417940
박현우,여성,30대 중반,경상남도 창원시,VIP,SUV,5,1,0,24950000,124750000,24950000.0,0.79,59155980
신수빈,남성,30대 중반,경상남도 창원시,신규,해치백,5,0,1,62980000,314900000,62980000.0,0.15,59155980
최채원,남성,30대 중반,경상남도 창원시,신규,해치백,5,0,0,18790000,93950000,18790000.0,0.96,59155980
윤태윤,남성,30대 중반,경상남도 창원시,일반,SUV,5,0,1,39350000,196750000,39350000.0,0.41,59155980
정지후,여성,30대 중반,경상남도 창원시,신규,SUV,5,0,0,16890000,84450000,16890000.0,0.22,59155980
서이안,남성,30대 후반,전라북도 전주시,일반,해치백,2,1,0,23600000,47200000,23600000.0,0.95,2339680
조세윤,남성,30대 후반,전라북도 전주시,신규,세단,2,0,0,24750000,49500000,24750000.0,0.84,2339680
남다연,남성,20대 후반,충청북도 청주시,VIP,해치백,1,0,1,41120000,41120000,41120000.0,0.66,789590
배서아,여성,20대 후반,광주광역시,VIP,SUV,2,1,0,38630000,77260000,38630000.0,0.62,22925760
박현우,남성,20대 후반,광주광역시,신규,SUV,2,1,0,67250000,134500000,67250000.0,0.24,22925760
유민성,여성,40대 중반,경기도 성남시,VIP,해치백,3,1,0,50610000,151830000,50610000.0,0.2,3404660
문재윤,남성,40대 중반,경기도 성남시,일반,SUV,3,1,0,19920000,59760000,19920000.0,0.39,3404660
신수빈,여성,40대 중반,경기도 성남시,VIP,세단,3,1,0,30850000,92550000,30850000.0,0.18,3404660
이예빈,여성,40대 초반,울산광역시,VIP,세단,1,1,1,16610000,16610000,16610000.0,0.81,6288100
장수빈,여성,50대 후반,경상남도 창원시,VIP,SUV,1,0,0,18790000,18790000,18790000.0,0.15,19289940
신수빈,남성,50대 초반,서울특별시,신규,SUV,1,1,1,16300000,16300000,16300000.0,0.15,4451150
김준서,여성,50대 중반,경상북도 포항시,VIP,세단,1,0,1,16610000,16610000,16610000.0,0.19,2135600
백시우,남성,30대 후반,부산광역시,신규,SUV,1,0,0,64110000,64110000,64110000.0,0.5,9063600
노성민,남성,40대 초반,경기도 성남시,VIP,해치백,1,1,0,41130000,41130000,41130000.0,0.6,5693460
문재윤,여성,30대 후반,서울특별시,VIP,해치백,5,1,0,35270000,176350000,35270000.0,0.62,232663600
오성민,여성,30대 후반,서울특별시,VIP,세단,5,0,1,59880000,299400000,59880000.0,1.0,232663600
강민준,남성,30대 후반,서울특별시,일반,세단,5,1,1,18910000,94550000,18910000.0,0.36,232663600
임하늘,남성,30대 후반,서울특별시,일반,세단,5,0,0,66160000,330800000,66160000.0,0.39,232663600
윤태윤,여성,30대 후반,서울특별시,VIP,해치백,5,1,1,18910000,94550000,18910000.0,0.31,232663600
홍남호,여성,30대 중반,광주광역시,일반,해치백,3,0,0,65510000,196530000,65510000.0,0.63,56667240
양지율,남성,30대 중반,광주광역시,VIP,해치백,3,1,1,25160000,75480000,25160000.0,0.85,56667240
장수빈,여성,30대 중반,광주광역시,일반,세단,3,0,0,56170000,168510000,56170000.0,0.92,56667240
구하람,남성,50대 중반,전라북도 전주시,VIP,SUV,2,1,1,18370000,36740000,18370000.0,0.63,16866700
유민성,여성,50대 중반,전라북도 전주시,신규,세단,2,1,1,63750000,127500000,63750000.0,0.4,16866700
강민준,여성,50대 중반,경기도 성남시,신규,해치백,2,1,0,34810000,69620000,34810000.0,0.52,25110480
백시우,남성,50대 중반,경기도 성남시,신규,세단,2,1,0,23630000,47260000,23630000.0,0.17,25110480
문재윤,남성,50대 초반,충청북도 청주시,VIP,해치백,1,1,0,63590000,63590000,63590000.0,0.41,3707500
홍남호,남성,20대 후반,경상북도 포항시,VIP,세단,1,0,0,28630000,28630000,28630000.0,0.81,9005100
노성민,남성,40대 초반,서울특별시,일반,SUV,1,0,1,18790000,18790000,18790000.0,0.23,1801800
백시우,남성,20대 중반,서울특별시,신규,해치백,1,1,1,45730000,45730000,45730000.0,0.15,60432340
홍남호,여성,40대 초반,경기도 수원시,VIP,해치백,1,0,0,24950000,24950000,24950000.0,0.61,14854000
유민성,남성,60대 중반,서울특별시,신규,SUV,1,0,0,15340000,15340000,15340000.0,0.88,82526840
배서아,여성,20대 중반,충청남도 천안시,VIP,세단,2,0,0,53840000,107680000,53840000.0,0.46,583240
문재윤,여성,20대 중반,충청남도 천안시,신규,세단,2,0,1,35610000,71220000,35610000.0,0.69,583240
백시우,남성,30대 중반,울산광역시,신규,해치백,1,1,0,45050000,45050000,45050000.0,0.33,19609800
박현우,여성,40대 후반,경기도 성남시,신규,세단,1,0,0,18910000,18910000,18910000.0,0.98,23919180
홍남호,남성,50대 후반,경기도 성남시,일반,해치백,1,1,1,46710000,46710000,46710000.0,0.38,33400500
박현우,남성,40대 후반,충청남도 천안시,신규,SUV,1,1,0,41950000,41950000,41950000.0,0.3,1063530
윤태윤,남성,50대 초반,서울특별시,신규,SUV,1,1,1,46040000,46040000,46040000.0,0.15,120375450
김준서,남성,20대 후반,충청북도 청주시,VIP,해치백,1,1,0,57970000,57970000,57970000.0,0.82,9450400
송은우,남성,30대 초반,부산광역시,일반,SUV,1,1,1,59260000,59260000,59260000.0,0.37,12571800
윤태윤,여성,20대 중반,울산광역시,VIP,세단,2,0,0,67260000,134520000,67260000.0,0.37,65438010
신수빈,남성,20대 중반,울산광역시,신규,SUV,2,1,0,25760000,51520000,25760000.0,0.52,65438010
장수빈,여성,50대 중반,인천광역시,일반,SUV,1,0,1,19740000,19740000,19740000.0,0.98,15768270
배서아,남성,40대 중반,경상북도 포항시,일반,세단,1,1,0,62980000,62980000,62980000.0,0.2,19548850
백시우,여성,60대 중반,부산광역시,신규,SUV,2,0,1,38630000,77260000,38630000.0,0.27,40145900
노성민,남성,60대 중반,부산광역시,신규,세단,2,0,1,30700000,61400000,30700000.0,0.33,40145900
신수빈,여성,60대 중반,경기도 수원시,VIP,해치백,1,1,0,44190000,44190000,44190000.0,0.71,26302080
남다연,남성,40대 중반,충청남도 천안시,VIP,해치백,1,1,0,38630000,38630000,38630000.0,0.79,10435320
구하람,남성,20대 후반,울산광역시,신규,해치백,5,0,0,33990000,169950000,33990000.0,0.56,225350960
임하늘,여성,20대 후반,울산광역시,VIP,SUV,5,0,1,43880000,219400000,43880000.0,0.98,225350960
전남호,여성,20대 후반,울산광역시,신규,세단,5,1,0,22690000,113450000,22690000.0,0.94,225350960
강민준,남성,20대 후반,울산광역시,일반,해치백,5,1,0,21460000,107300000,21460000.0,0.65,225350960
김준서,남성,20대 후반,울산광역시,VIP,세단,5,0,0,54930000,274650000,54930000.0,0.27,225350960
한남호,여성,30대 초반,대구광역시,일반,세단,1,1,0,53430000,53430000,53430000.0,0.41,853680
양지율,여성,30대 후반,경상북도 포항시,VIP,해치백,4,1,1,39350000,157400000,39350000.0,0.89,158326860
김준서,남성,30대 후반,경상북도 포항시,신규,세단,4,0,0,17000000,68000000,17000000.0,0.52,158326860
박현우,남성,30대 후반,경상북도 포항시,일반,SUV,4,1,1,59930000,239720000,59930000.0,0.89,158326860
양지율,여성,30대 후반,경상북도 포항시,VIP,세단,4,0,0,60550000,242200000,60550000.0,0.92,158326860
백시우,여성,40대 후반,경기도 성남시,일반,해치백,4,1,1,45990000,183960000,45990000.0,0.5,233523340
김준서,남성,40대 후반,경기도 성남시,일반,해치백,4,1,1,52980000,211920000,52980000.0,0.27,233523340
서이안,여성,40대 후반,경기도 성남시,신규,세단,4,1,0,21000000,84000000,21000000.0,0.36,233523340
정지후,남성,40대 후반,경기도 성남시,VIP,세단,4,0,0,30700000,122800000,30700000.0,0.42,233523340
한남호,남성,20대 후반,경상북도 포항시,일반,해치백,2,0,1,23700000,47400000,23700000.0,0.56,104216250
임하늘,여성,20대 후반,경상북도 포항시,VIP,SUV,2,1,0,44040000,88080000,44040000.0,0.68,104216250
김준서,남성,50대 초반,울산광역시,신규,SUV,1,0,1,61580000,61580000,61580000.0,0.35,62330250
조세윤,남성,60대 후반,인천광역시,일반,SUV,5,0,1,35410000,177050000,35410000.0,0.74,119386350
윤태윤,남성,60대 후반,인천광역시,VIP,해치백,5,1,1,22690000,113450000,22690000.0,0.75,119386350
유민성,여성,60대 후반,인천광역시,신규,SUV,5,1,1,41130000,205650000,41130000.0,0.25,119386350
구하람,남성,60대 후반,인천광역시,VIP,세단,5,0,1,60550000,302750000,60550000.0,0.28,119386350
윤태윤,여성,60대 후반,인천광역시,VIP,세단,5,1,1,65510000,327550000,65510000.0,0.88,119386350
신수빈,남성,40대 중반,경기도 수원시,신규,세단,2,1,1,42340000,84680000,42340000.0,0.91,74441110
양지율,여성,40대 중반,경기도 수원시,신규,SUV,2,1,0,48420000,96840000,48420000.0,0.27,74441110
배서아,남성,40대 중반,울산광역시,VIP,세단,2,1,0,59880000,119760000,59880000.0,0.95,155252840
양지율,남성,40대 중반,울산광역시,VIP,해치백,2,0,1,30700000,61400000,30700000.0,0.89,155252840
양지율,남성,50대 후반,대전광역시,VIP,SUV,1,1,1,43240000,43240000,43240000.0,0.41,837600
강민준,여성,40대 후반,전라북도 전주시,신규,세단,2,0,1,25820000,51640000,25820000.0,0.17,45124430
윤태윤,여성,40대 후반,전라북도 전주시,일반,세단,2,1,0,45050000,90100000,45050000.0,0.4,45124430
서이안,여성,60대 중반,대구광역시,일반,SUV,5,1,0,37780000,188900000,37780000.0,0.89,18806760
홍남호,여성,60대 중반,대구광역시,신규,해치백,5,0,1,68900000,344500000,68900000.0,0.98,18806760
배서아,남성,60대 중반,대구광역시,VIP,해치백,5,1,0,64110000,320550000,64110000.0,0.11,18806760
송은우,남성,60대 중반,대구광역시,신규,세단,5,1,0,66160000,330800000,66160000.0,0.16,18806760
유민성,남성,60대 중반,대구광역시,VIP,해치백,5,1,1,19920000,99600000,19920000.0,0.78,18806760
서이안,남성,20대 초반,서울특별시,신규,해치백,5,0,1,18790000,93950000,18790000.0,1.0,739692800
오성민,여성,20대 초반,서울특별시,신규,세단,5,1,1,15640000,78200000,15640000.0,0.22,739692800
남다연,여성,20대 초반,서울특별시,일반,세단,5,1,0,19660000,98300000,19660000.0,0.49,739692800
홍남호,여성,20대 초반,서울특별시,일반,세단,5,0,0,40680000,203400000,40680000.0,0.27,739692800
노성민,여성,20대 초반,서울특별시,일반,해치백,5,1,0,17000000,85000000,17000000.0,0.61,739692800
전남호,여성,40대 초반,대전광역시,일반,SUV,2,1,0,57970000,115940000,57970000.0,0.11,19621940
이예빈,여성,40대 초반,대전광역시,VIP,세단,2,1,1,30280000,60560000,30280000.0,0.74,19621940
임하늘,남성,60대 초반,충청남도 천안시,VIP,SUV,1,0,0,30000000,30000000,30000000.0,0.53,25419240
전남호,여성,50대 중반,대구광역시,일반,세단,1,1,0,29780000,29780000,29780000.0,0.79,8837290
문재윤,여성,20대 중반,충청남도 천안시,신규,세단,1,0,0,53900000,53900000,53900000.0,0.8,47520920
장수빈,남성,60대 중반,대구광역시,VIP,해치백,3,1,1,61580000,184740000,61580000.0,0.16,51476510
오성민,여성,60대 중반,대구광역시,신규,해치백,3,0,0,23780000,71340000,23780000.0,0.39,51476510
노성민,여성,60대 중반,대구광역시,일반,해치백,3,0,1,65560000,196680000,65560000.0,0.77,51476510
송은우,남성,70대 초반,충청남도 천안시,신규,세단,4,0,0,19660000,78640000,19660000.0,0.8,267571500
윤태윤,남성,70대 초반,충청남도 천안시,VIP,해치백,4,0,0,28630000,114520000,28630000.0,0.34,267571500
양지율,남성,70대 초반,충청남도 천안시,일반,SUV,4,1,0,23630000,94520000,23630000.0,0.49,267571500
백시우,여성,70대 초반,충청남도 천안시,일반,해치백,4,1,1,53400000,213600000,53400000.0,0.98,267571500
윤태윤,남성,20대 중반,전라북도 전주시,일반,SUV,4,1,1,37780000,151120000,37780000.0,0.18,132918100
이예빈,남성,20대 중반,전라북도 전주시,신규,SUV,4,0,0,21000000,84000000,21000000.0,1.0,132918100
서이안,남성,20대 중반,전라북도 전주시,VIP,세단,4,0,1,59930000,239720000,59930000.0,0.37,132918100
남다연,여성,20대 중반,전라북도 전주시,VIP,SUV,4,1,0,41900000,167600000,41900000.0,0.33,132918100
홍남호,남성,40대 초반,경기도 수원시,VIP,해치백,2,0,1,65560000,131120000,65560000.0,0.51,108680080
문재윤,여성,40대 초반,경기도 수원시,일반,세단,2,1,1,60550000,121100000,60550000.0,0.23,108680080
이예빈,여성,40대 후반,충청북도 청주시,신규,SUV,3,0,0,19740000,59220000,19740000.0,0.21,87095400
서이안,여성,40대 후반,충청북도 청주시,VIP,해치백,3,1,0,59260000,177780000,59260000.0,0.85,87095400
신수빈,여성,40대 후반,충청북도 청주시,일반,세단,3,0,1,22690000,68070000,22690000.0,0.56,87095400
한남호,여성,20대 중반,부산광역시,신규,SUV,4,0,1,49440000,197760000,49440000.0,0.11,129837440
백시우,여성,20대 중반,부산광역시,신규,SUV,4,1,1,20020000,80080000,20020000.0,0.7,129837440
조세윤,여성,20대 중반,부산광역시,신규,해치백,4,0,1,25280000,101120000,25280000.0,0.76,129837440
조세윤,남성,20대 중반,부산광역시,VIP,해치백,4,0,0,59880000,239520000,59880000.0,0.24,129837440
전남호,남성,50대 초반,서울특별시,신규,세단,2,0,1,62980000,125960000,62980000.0,0.66,393492330
장수빈,여성,50대 초반,서울특별시,VIP,해치백,2,0,0,35610000,71220000,35610000.0,0.93,393492330
남다연,여성,50대 초반,경상남도 창원시,신규,세단,5,1,0,67760000,338800000,67760000.0,0.23,155319720
윤태윤,여성,50대 초반,경상남도 창원시,VIP,SUV,5,1,0,33990000,169950000,33990000.0,0.36,155319720
조세윤,여성,50대 초반,경상남도 창원시,신규,해치백,5,1,1,41130000,205650000,41130000.0,0.99,155319720
강민준,여성,50대 초반,경상남도 창원시,일반,해치백,5,1,0,17410000,87050000,17410000.0,0.57,155319720
백시우,남성,50대 초반,경상남도 창원시,VIP,SUV,5,0,1,65510000,327550000,65510000.0,0.3,155319720
임하늘,여성,20대 초반,충청남도 천안시,신규,해치백,5,1,0,29950000,149750000,29950000.0,0.58,425944750
강민준,여성,20대 초반,충청남도 천안시,일반,해치백,5,1,1,15340000,76700000,15340000.0,0.59,425944750
유민성,여성,20대 초반,충청남도 천안시,신규,세단,5,1,0,18790000,93950000,18790000.0,0.93,425944750
백시우,여성,20대 초반,충청남도 천안시,일반,SUV,5,1,0,67250000,336250000,67250000.0,0.8,425944750
임하늘,여성,20대 초반,충청남도 천안시,신규,SUV,5,0,1,35610000,178050000,35610000.0,0.58,425944750
백시우,남성,60대 후반,대구광역시,신규,세단,4,1,1,17000000,68000000,17000000.0,0.13,104484870
김준서,여성,60대 후반,대구광역시,신규,세단,4,0,1,41900000,167600000,41900000.0,0.95,104484870
장수빈,여성,60대 후반,대구광역시,VIP,세단,4,0,0,33990000,135960000,33990000.0,0.4,104484870
신수빈,남성,60대 후반,대구광역시,VIP,SUV,4,1,1,46710000,186840000,46710000.0,0.38,104484870
신수빈,남성,60대 후반,경상북도 포항시,신규,세단,3,0,0,48420000,145260000,48420000.0,0.89,269764560
최채원,남성,60대 후반,경상북도 포항시,신규,해치백,3,1,0,64110000,192330000,64110000.0,0.9,269764560
배서아,남성,60대 후반,경상북도 포항시,신규,해치백,3,1,0,68900000,206700000,68900000.0,0.39,269764560
이예빈,남성,30대 후반,부산광역시,신규,세단,3,1,0,54430000,163290000,54430000.0,0.79,138270020
한남호,여성,30대 후반,부산광역시,일반,세단,3,1,1,45050000,135150000,45050000.0,0.78,138270020
한남호,남성,30대 후반,부산광역시,VIP,SUV,3,0,1,19660000,58980000,19660000.0,0.49,138270020
임하늘,여성,50대 초반,전라북도 전주시,신규,해치백,1,0,1,25760000,25760000,25760000.0,0.82,49669860
유민성,여성,40대 초반,경기도 수원시,신규,해치백,5,0,1,49610000,248050000,49610000.0,0.66,348805800
문재윤,남성,40대 초반,경기도 수원시,신규,SUV,5,0,0,53900000,269500000,53900000.0,0.36,348805800
이예빈,여성,40대 초반,경기도 수원시,신규,세단,5,0,1,65560000,327800000,65560000.0,0.45,348805800
송은우,남성,40대 초반,경기도 수원시,신규,해치백,5,0,0,59880000,299400000,59880000.0,0.62,348805800
김준서,여성,40대 초반,경기도 수원시,VIP,해치백,5,0,1,63430000,317150000,63430000.0,0.9,348805800
배서아,여성,50대 중반,대전광역시,VIP,세단,3,1,1,39350000,118050000,39350000.0,0.43,73246250
문재윤,여성,50대 중반,대전광역시,일반,세단,3,0,1,65510000,196530000,65510000.0,0.24,73246250
홍남호,남성,50대 중반,대전광역시,신규,해치백,3,1,1,41130000,123390000,41130000.0,0.48,73246250
윤태윤,여성,40대 후반,대구광역시,일반,해치백,2,1,1,18910000,37820000,18910000.0,0.25,96506130
홍남호,남성,40대 후반,대구광역시,VIP,해치백,2,0,0,53900000,107800000,53900000.0,0.82,96506130
백시우,여성,60대 초반,전라남도 목포시,신규,SUV,3,1,0,33060000,99180000,33060000.0,0.19,15462720
구하람,여성,60대 초반,전라남도 목포시,VIP,해치백,3,1,1,63750000,191250000,63750000.0,0.97,15462720
한남호,여성,60대 초반,전라남도 목포시,신규,세단,3,1,0,61580000,184740000,61580000.0,0.19,15462720
정지후,여성,20대 후반,서울특별시,VIP,해치백,1,0,1,67480000,67480000,67480000.0,0.89,267537500
박현우,남성,70대 초반,경상남도 창원시,신규,세단,2,1,1,20630000,41260000,20630000.0,0.25,125054970
임하늘,여성,70대 초반,경상남도 창원시,일반,해치백,2,1,1,16610000,33220000,16610000.0,0.75,125054970
윤태윤,남성,30대 초반,서울특별시,VIP,해치백,2,0,0,67480000,134960000,67480000.0,0.53,662985180
문재윤,남성,30대 초반,서울특별시,VIP,해치백,2,1,0,59930000,119860000,59930000.0,0.43,662985180
문재윤,남성,60대 후반,광주광역시,신규,해치백,5,0,0,53430000,267150000,53430000.0,0.52,155305240
백시우,남성,60대 후반,광주광역시,일반,세단,5,1,0,16300000,81500000,16300000.0,0.43,155305240
조세윤,남성,60대 후반,광주광역시,일반,SUV,5,0,0,35610000,178050000,35610000.0,0.3,155305240
박현우,여성,60대 후반,광주광역시,일반,해치백,5,0,1,15340000,76700000,15340000.0,0.56,155305240
오성민,남성,60대 후반,광주광역시,일반,SUV,5,1,1,42900000,214500000,42900000.0,0.5,155305240
박현우,남성,50대 중반,서울특별시,일반,세단,5,0,1,52720000,263600000,52720000.0,0.78,29778980
홍남호,여성,50대 중반,서울특별시,VIP,해치백,5,0,0,25820000,129100000,25820000.0,0.7,29778980
문재윤,여성,50대 중반,서울특별시,신규,SUV,5,0,1,68340000,341700000,68340000.0,0.69,29778980
노성민,여성,50대 중반,서울특별시,VIP,SUV,5,1,0,17410000,87050000,17410000.0,0.15,29778980
조세윤,남성,50대 중반,서울특별시,일반,해치백,5,1,1,49610000,248050000,49610000.0,0.42,29778980
이예빈,여성,40대 후반,울산광역시,신규,SUV,2,0,0,43880000,87760000,43880000.0,0.36,201768660
조세윤,남성,40대 후반,울산광역시,일반,세단,2,0,1,59880000,119760000,59880000.0,0.61,201768660
한남호,남성,40대 후반,광주광역시,신규,세단,2,0,1,22750000,45500000,22750000.0,0.84,121495950
구하람,여성,40대 후반,광주광역시,신규,SUV,2,1,1,67260000,134520000,67260000.0,0.9,121495950
장수빈,여성,40대 초반,부산광역시,VIP,SUV,2,1,0,63870000,127740000,63870000.0,0.49,163029090
한남호,남성,40대 초반,부산광역시,신규,SUV,2,1,0,53430000,106860000,53430000.0,0.63,163029090
신수빈,여성,40대 중반,충청북도 청주시,VIP,세단,5,0,0,42900000,214500000,42900000.0,0.65,286416710
신수빈,여성,40대 중반,충청북도 청주시,VIP,해치백,5,1,1,68900000,344500000,68900000.0,0.21,286416710
백시우,남성,40대 중반,충청북도 청주시,VIP,해치백,5,0,0,18910000,94550000,18910000.0,0.63,286416710
유민성,남성,40대 중반,충청북도 청주시,VIP,세단,5,0,0,45050000,225250000,45050000.0,0.7,286416710
구하람,남성,40대 중반,충청북도 청주시,신규,SUV,5,0,0,35270000,176350000,35270000.0,0.68,286416710
임하늘,여성,20대 후반,광주광역시,일반,세단,4,1,1,42470000,169880000,42470000.0,0.56,332207600
배서아,남성,20대 후반,광주광역시,일반,해치백,4,1,1,42730000,170920000,42730000.0,0.33,332207600
한남호,여성,20대 후반,광주광역시,일반,해치백,4,1,0,68340000,273360000,68340000.0,0.88,332207600
남다연,여성,20대 후반,광주광역시,신규,SUV,4,1,1,43880000,175520000,43880000.0,0.71,332207600
한남호,여성,20대 후반,광주광역시,신규,세단,4,0,0,61580000,246320000,61580000.0,0.55,510513900
송은우,여성,20대 후반,광주광역시,일반,SUV,4,1,0,64110000,256440000,64110000.0,0.94,510513900
백시우,남성,20대 후반,광주광역시,일반,세단,4,1,0,24750000,99000000,24750000.0,0.75,510513900
전남호,남성,20대 후반,광주광역시,신규,세단,4,1,1,21000000,84000000,21000000.0,0.52,510513900
서이안,여성,50대 중반,울산광역시,VIP,해치백,3,1,1,69860000,209580000,69860000.0,0.56,425423040
이예빈,남성,50대 중반,울산광역시,일반,세단,3,0,1,37780000,113340000,37780000.0,0.14,425423040
백시우,남성,50대 중반,울산광역시,신규,해치백,3,1,0,25280000,75840000,25280000.0,0.9,425423040
송은우,남성,60대 후반,서울특별시,VIP,해치백,3,1,1,69860000,209580000,69860000.0,0.33,1131820980
윤태윤,남성,60대 후반,서울특별시,VIP,SUV,3,1,1,44190000,132570000,44190000.0,0.42,1131820980
문재윤,여성,60대 후반,서울특별시,신규,세단,3,1,1,67260000,201780000,67260000.0,0.1,1131820980
남다연,여성,30대 후반,부산광역시,일반,세단,5,0,1,42470000,212350000,42470000.0,0.96,506836920
윤태윤,여성,30대 후반,부산광역시,일반,해치백,5,0,1,56170000,280850000,56170000.0,0.9,506836920
조세윤,여성,30대 후반,부산광역시,일반,세단,5,0,1,35620000,178100000,35620000.0,0.44,506836920
강민준,여성,30대 후반,부산광역시,VIP,세단,5,1,1,42310000,211550000,42310000.0,0.47,506836920
노성민,남성,30대 후반,부산광역시,VIP,해치백,5,0,0,59740000,298700000,59740000.0,0.97,506836920
김준서,여성,60대 초반,충청북도 청주시,VIP,세단,2,0,0,65560000,131120000,65560000.0,0.7,156763400
박현우,여성,60대 초반,충청북도 청주시,신규,세단,2,0,1,52720000,105440000,52720000.0,0.87,156763400
홍남호,여성,20대 중반,인천광역시,신규,세단,4,0,0,59740000,238960000,59740000.0,0.17,207196000
오성민,여성,20대 중반,인천광역시,신규,SUV,4,1,1,17000000,68000000,17000000.0,0.46,207196000
박현우,여성,20대 중반,인천광역시,일반,해치백,4,0,0,45730000,182920000,45730000.0,0.96,207196000
강민준,남성,20대 중반,인천광역시,일반,SUV,4,0,0,25280000,101120000,25280000.0,0.95,207196000
박현우,남성,40대 초반,경기도 성남시,일반,SUV,2,1,1,42470000,84940000,42470000.0,0.88,158179560
신수빈,남성,40대 초반,경기도 성남시,일반,SUV,2,0,0,23780000,47560000,23780000.0,0.14,158179560
백시우,남성,30대 후반,인천광역시,일반,해치백,5,0,0,33060000,165300000,33060000.0,0.87,334759960
박현우,여성,30대 후반,인천광역시,VIP,SUV,5,1,1,38910000,194550000,38910000.0,0.68,334759960
노성민,여성,30대 후반,인천광역시,신규,세단,5,0,1,27670000,138350000,27670000.0,0.24,334759960
윤태윤,남성,30대 후반,인천광역시,일반,해치백,5,0,1,61580000,307900000,61580000.0,0.75,334759960
배서아,남성,30대 후반,인천광역시,VIP,세단,5,0,1,23040000,115200000,23040000.0,0.85,334759960
백시우,남성,50대 초반,경기도 수원시,VIP,해치백,2,0,0,25210000,50420000,25210000.0,0.67,181467000
배서아,남성,50대 초반,경기도 수원시,VIP,세단,2,1,0,50610000,101220000,50610000.0,0.18,181467000
윤태윤,여성,40대 초반,광주광역시,VIP,세단,1,0,1,25760000,25760000,25760000.0,0.83,181594000
홍남호,여성,20대 중반,경상북도 포항시,신규,SUV,2,1,0,68900000,137800000,68900000.0,0.34,223217910
조세윤,여성,20대 중반,경상북도 포항시,신규,SUV,2,1,1,34810000,69620000,34810000.0,0.42,223217910
강민준,남성,30대 후반,충청남도 천안시,일반,세단,2,0,0,49610000,99220000,49610000.0,0.76,245808000
노성민,남성,30대 후반,충청남도 천안시,신규,해치백,2,1,1,69860000,139720000,69860000.0,0.14,245808000
문재윤,여성,40대 후반,광주광역시,일반,세단,1,1,0,45920000,45920000,45920000.0,0.71,245412860
강민준,남성,30대 후반,울산광역시,일반,SUV,2,1,0,63870000,127740000,63870000.0,0.73,376727810
조세윤,여성,30대 후반,울산광역시,VIP,세단,2,1,0,15340000,30680000,15340000.0,0.49,376727810
구하람,여성,40대 중반,대구광역시,신규,해치백,4,0,0,67580000,270320000,67580000.0,0.81,244111560
구하람,남성,40대 중반,대구광역시,신규,해치백,4,0,0,44190000,176760000,44190000.0,0.65,244111560
노성민,여성,40대 중반,대구광역시,일반,SUV,4,1,1,35610000,142440000,35610000.0,0.22,244111560
임하늘,여성,40대 중반,대구광역시,VIP,SUV,4,0,1,53900000,215600000,53900000.0,0.42,244111560
노성민,남성,30대 중반,경상남도 창원시,신규,해치백,2,1,1,25160000,50320000,25160000.0,0.43,155922300
이예빈,여성,30대 중반,경상남도 창원시,신규,SUV,2,0,1,45050000,90100000,45050000.0,0.3,155922300
김준서,남성,30대 초반,대전광역시,신규,해치백,1,0,1,49610000,49610000,49610000.0,0.82,38030400
남다연,여성,40대 중반,부산광역시,VIP,SUV,3,0,0,52980000,158940000,52980000.0,0.69,368694720
오성민,여성,40대 중반,부산광역시,일반,세단,3,0,1,19660000,58980000,19660000.0,0.55,368694720
이예빈,남성,40대 중반,부산광역시,일반,해치백,3,0,0,31850000,95550000,31850000.0,0.96,368694720
백시우,남성,30대 중반,경상북도 포항시,VIP,해치백,5,1,0,16610000,83050000,16610000.0,0.22,771895500
유민성,남성,30대 중반,경상북도 포항시,VIP,세단,5,0,0,25210000,126050000,25210000.0,0.73,771895500
이예빈,남성,30대 중반,경상북도 포항시,신규,SUV,5,1,1,67760000,338800000,67760000.0,0.43,771895500
남다연,여성,30대 중반,경상북도 포항시,신규,세단,5,0,0,42900000,214500000,42900000.0,0.55,771895500
박현우,여성,30대 중반,경상북도 포항시,신규,SUV,5,1,0,26840000,134200000,26840000.0,0.74,771895500
장수빈,남성,50대 중반,경기도 수원시,일반,SUV,5,1,0,49440000,247200000,49440000.0,0.4,588900600
임하늘,여성,50대 중반,경기도 수원시,신규,세단,5,1,0,44040000,220200000,44040000.0,0.1,588900600
전남호,여성,50대 중반,경기도 수원시,VIP,SUV,5,0,0,44040000,220200000,44040000.0,0.9,588900600
정지후,여성,50대 중반,경기도 수원시,VIP,세단,5,0,0,28630000,143150000,28630000.0,0.79,588900600
오성민,여성,50대 중반,경기도 수원시,신규,SUV,5,1,1,16890000,84450000,16890000.0,0.7,588900600
문재윤,남성,50대 후반,대전광역시,신규,SUV,4,1,1,40680000,162720000,40680000.0,0.98,226412460
백시우,남성,50대 후반,대전광역시,신규,SUV,4,1,1,31850000,127400000,31850000.0,0.41,226412460
강민준,여성,50대 후반,대전광역시,VIP,해치백,4,1,0,45730000,182920000,45730000.0,0.8,226412460
김준서,여성,50대 후반,대전광역시,VIP,세단,4,1,1,46040000,184160000,46040000.0,0.17,226412460
서이안,남성,50대 후반,대구광역시,일반,해치백,4,1,0,52980000,211920000,52980000.0,0.68,334077000
김준서,여성,50대 후반,대구광역시,일반,해치백,4,0,0,28630000,114520000,28630000.0,0.37,334077000
유민성,남성,50대 후반,대구광역시,신규,SUV,4,0,1,59880000,239520000,59880000.0,0.28,334077000
남다연,남성,50대 후반,대구광역시,VIP,세단,4,0,0,20630000,82520000,20630000.0,0.19,334077000
한남호,남성,40대 중반,울산광역시,신규,SUV,4,0,0,44040000,176160000,44040000.0,0.51,967369920
문재윤,여성,40대 중반,울산광역시,신규,세단,4,0,1,30700000,122800000,30700000.0,1.0,967369920
노성민,남성,40대 중반,울산광역시,일반,SUV,4,1,1,44040000,176160000,44040000.0,0.64,967369920
장수빈,여성,40대 중반,울산광역시,신규,해치백,4,1,1,60510000,242040000,60510000.0,0.73,967369920
유민성,여성,20대 후반,인천광역시,신규,세단,5,1,1,41130000,205650000,41130000.0,0.3,446869200
정지후,남성,20대 후반,인천광역시,VIP,해치백,5,1,0,44190000,220950000,44190000.0,0.41,446869200
구하람,남성,20대 후반,인천광역시,신규,해치백,5,1,1,33060000,165300000,33060000.0,0.37,446869200
이예빈,남성,20대 후반,인천광역시,일반,세단,5,1,0,29840000,149200000,29840000.0,0.4,446869200
최채원,여성,20대 후반,인천광역시,VIP,세단,5,1,1,69630000,348150000,69630000.0,0.58,446869200
양지율,남성,20대 중반,서울특별시,일반,SUV,2,0,1,35620000,71240000,35620000.0,0.35,22888800
양지율,남성,20대 중반,서울특별시,일반,SUV,2,1,1,24750000,49500000,24750000.0,0.52,22888800
이예빈,남성,40대 중반,대전광역시,신규,SUV,1,1,1,48420000,48420000,48420000.0,0.98,77070840
강민준,남성,50대 초반,울산광역시,일반,해치백,5,0,1,26840000,134200000,26840000.0,0.27,1420915800
최채원,여성,50대 초반,울산광역시,VIP,해치백,5,0,1,15340000,76700000,15340000.0,0.96,1420915800
윤태윤,여성,50대 초반,울산광역시,신규,해치백,5,0,0,53840000,269200000,53840000.0,0.9,1420915800
홍남호,남성,50대 초반,울산광역시,VIP,해치백,5,1,0,21460000,107300000,21460000.0,0.26,1420915800
홍남호,여성,50대 초반,울산광역시,VIP,해치백,5,1,0,42900000,214500000,42900000.0,0.41,1420915800
장수빈,여성,50대 초반,부산광역시,일반,세단,4,0,0,15340000,61360000,15340000.0,0.49,666719020
김준서,여성,50대 초반,부산광역시,신규,SUV,4,1,0,24750000,99000000,24750000.0,0.9,666719020
한남호,여성,50대 초반,부산광역시,일반,해치백,4,0,1,52720000,210880000,52720000.0,0.17,666719020
신수빈,남성,50대 초반,부산광역시,신규,해치백,4,0,1,49440000,197760000,49440000.0,0.33,666719020
장수빈,여성,20대 중반,경상남도 창원시,신규,세단,1,1,1,18790000,18790000,18790000.0,0.93,97267200
박현우,여성,60대 초반,울산광역시,VIP,해치백,5,1,0,42900000,214500000,42900000.0,0.88,1659764070
장수빈,여성,60대 초반,울산광역시,신규,해치백,5,0,1,17060000,85300000,17060000.0,0.66,1659764070
신수빈,남성,60대 초반,울산광역시,일반,세단,5,0,1,46710000,233550000,46710000.0,0.15,1659764070
서이안,여성,60대 초반,울산광역시,신규,해치백,5,1,1,29780000,148900000,29780000.0,0.68,1659764070
홍남호,남성,60대 초반,울산광역시,VIP,해치백,5,0,0,18370000,91850000,18370000.0,0.96,1659764070
장수빈,남성,60대 후반,경기도 수원시,일반,해치백,4,0,0,41950000,167800000,41950000.0,0.64,585938660
신수빈,여성,60대 후반,경기도 수원시,VIP,해치백,4,0,1,16610000,66440000,16610000.0,0.96,585938660
백시우,남성,60대 후반,경기도 수원시,일반,SUV,4,1,0,42310000,169240000,42310000.0,0.87,585938660
장수빈,남성,60대 후반,경기도 수원시,일반,세단,4,0,0,19660000,78640000,19660000.0,0.94,585938660
백시우,남성,50대 후반,서울특별시,VIP,해치백,1,0,1,52980000,52980000,52980000.0,0.68,19232940
정지후,여성,50대 초반,경상남도 창원시,신규,SUV,5,1,0,67480000,337400000,67480000.0,0.35,593224600
구하람,남성,50대 초반,경상남도 창원시,VIP,세단,5,1,0,66910000,334550000,66910000.0,0.86,593224600
남다연,여성,50대 초반,경상남도 창원시,VIP,해치백,5,1,1,66910000,334550000,66910000.0,0.67,593224600
윤태윤,남성,50대 초반,경상남도 창원시,신규,SUV,5,1,1,60140000,300700000,60140000.0,0.15,593224600
김준서,여성,50대 초반,경상남도 창원시,일반,세단,5,0,0,47020000,235100000,47020000.0,0.55,593224600
문재윤,여성,50대 중반,대구광역시,신규,세단,2,1,1,39330000,78660000,39330000.0,0.74,241584390
구하람,남성,50대 중반,대구광역시,신규,SUV,2,0,0,67580000,135160000,67580000.0,0.5,241584390
홍남호,남성,50대 초반,대전광역시,일반,해치백,5,1,1,60140000,300700000,60140000.0,0.95,502363680
이예빈,여성,50대 초반,대전광역시,VIP,세단,5,0,0,23700000,118500000,23700000.0,0.59,502363680
구하람,남성,50대 초반,대전광역시,VIP,세단,5,1,0,43240000,216200000,43240000.0,0.93,502363680
윤태윤,여성,50대 초반,대전광역시,일반,해치백,5,0,0,43240000,216200000,43240000.0,0.27,502363680
최채원,여성,50대 초반,대전광역시,일반,세단,5,1,0,23700000,118500000,23700000.0,0.59,502363680
남다연,남성,20대 중반,광주광역시,일반,해치백,5,0,0,30850000,154250000,30850000.0,0.75,1437942160
송은우,여성,20대 중반,광주광역시,VIP,SUV,5,1,0,42730000,213650000,42730000.0,0.75,1437942160
강민준,여성,20대 중반,광주광역시,VIP,해치백,5,1,1,34550000,172750000,34550000.0,0.69,1437942160
양지율,남성,20대 중반,광주광역시,일반,해치백,5,0,0,19660000,98300000,19660000.0,0.59,1437942160
강민준,남성,20대 중반,광주광역시,신규,세단,5,0,0,35620000,178100000,35620000.0,0.41,1437942160
강민준,남성,50대 후반,부산광역시,일반,해치백,3,0,0,31850000,95550000,31850000.0,0.89,580265200
박현우,남성,50대 후반,부산광역시,신규,해치백,3,1,0,63870000,191610000,63870000.0,0.66,580265200
남다연,여성,50대 후반,부산광역시,VIP,해치백,3,0,1,42900000,128700000,42900000.0,0.2,580265200
이예빈,여성,20대 중반,서울특별시,신규,세단,4,1,1,34550000,138200000,34550000.0,0.39,133806640
김준서,남성,20대 중반,서울특별시,신규,해치백,4,1,1,60510000,242040000,60510000.0,0.58,133806640
김준서,남성,20대 중반,서울특별시,일반,세단,4,1,0,22750000,91000000,22750000.0,0.5,133806640
백시우,남성,20대 중반,서울특별시,일반,세단,4,0,1,53400000,213600000,53400000.0,0.42,133806640
백시우,남성,40대 초반,경상북도 포항시,VIP,세단,5,0,1,45730000,228650000,45730000.0,0.75,1021777110
노성민,여성,40대 초반,경상북도 포항시,신규,SUV,5,1,1,16300000,81500000,16300000.0,0.84,1021777110
김준서,남성,40대 초반,경상북도 포항시,일반,해치백,5,1,0,25160000,125800000,25160000.0,0.88,1021777110
문재윤,남성,40대 초반,경상북도 포항시,VIP,SUV,5,1,0,43240000,216200000,43240000.0,0.59,1021777110
정지후,여성,40대 초반,경상북도 포항시,일반,해치백,5,0,1,30700000,153500000,30700000.0,0.56,1021777110
강민준,여성,60대 초반,서울특별시,일반,SUV,2,1,0,19740000,39480000,19740000.0,0.61,92804640
김준서,여성,60대 초반,서울특별시,신규,세단,2,0,0,42340000,84680000,42340000.0,0.54,92804640
서이안,남성,60대 중반,대구광역시,신규,SUV,5,0,1,43240000,216200000,43240000.0,0.89,712575930
한남호,남성,60대 중반,대구광역시,VIP,SUV,5,1,0,39540000,197700000,39540000.0,0.25,712575930
전남호,남성,60대 중반,대구광역시,VIP,해치백,5,0,0,25160000,125800000,25160000.0,0.92,712575930
송은우,남성,60대 중반,대구광역시,VIP,SUV,5,1,1,53900000,269500000,53900000.0,0.52,712575930
박현우,남성,60대 중반,대구광역시,일반,해치백,5,0,1,60550000,302750000,60550000.0,0.55,712575930
전남호,남성,20대 중반,인천광역시,일반,SUV,3,1,0,53900000,161700000,53900000.0,0.31,345856770
서이안,여성,20대 중반,인천광역시,VIP,해치백,3,0,0,51450000,154350000,51450000.0,0.64,345856770
장수빈,남성,20대 중반,인천광역시,일반,해치백,3,1,0,50610000,151830000,50610000.0,0.94,345856770
임하늘,남성,40대 후반,충청북도 청주시,신규,SUV,2,1,1,39330000,78660000,39330000.0,0.81,246627110
홍남호,여성,40대 후반,충청북도 청주시,VIP,해치백,2,0,1,53400000,106800000,53400000.0,0.36,246627110
한남호,남성,40대 초반,인천광역시,일반,세단,4,1,0,23630000,94520000,23630000.0,0.71,636280740
양지율,여성,40대 초반,인천광역시,신규,세단,4,0,1,42900000,171600000,42900000.0,0.19,636280740
백시우,여성,40대 초반,인천광역시,일반,해치백,4,0,0,15340000,61360000,15340000.0,0.88,636280740
노성민,남성,40대 초반,인천광역시,신규,세단,4,1,0,38630000,154520000,38630000.0,0.75,636280740
백시우,남성,50대 초반,인천광역시,일반,해치백,2,1,0,35470000,70940000,35470000.0,0.64,378449500
조세윤,여성,50대 초반,인천광역시,신규,세단,2,1,0,67480000,134960000,67480000.0,0.37,378449500
남다연,남성,50대 중반,충청북도 청주시,신규,해치백,4,0,0,49440000,197760000,49440000.0,0.66,671937480
구하람,남성,50대 중반,충청북도 청주시,신규,해치백,4,0,0,22750000,91000000,22750000.0,0.75,671937480
서이안,여성,50대 중반,충청북도 청주시,VIP,세단,4,0,1,60550000,242200000,60550000.0,0.7,671937480
정지후,여성,50대 중반,충청북도 청주시,VIP,해치백,4,1,1,40580000,162320000,40580000.0,0.84,671937480
전남호,여성,50대 초반,대전광역시,신규,SUV,5,1,0,42340000,211700000,42340000.0,0.89,612846840
배서아,남성,50대 초반,대전광역시,일반,해치백,5,0,0,68340000,341700000,68340000.0,0.37,612846840
서이안,남성,50대 초반,대전광역시,VIP,세단,5,0,1,60510000,302550000,60510000.0,0.75,612846840
박현우,여성,50대 초반,대전광역시,VIP,해치백,5,1,1,54930000,274650000,54930000.0,0.59,612846840
정지후,여성,50대 초반,대전광역시,일반,세단,5,1,0,63590000,317950000,63590000.0,0.48,612846840
임하늘,남성,60대 후반,충청북도 청주시,일반,세단,2,0,1,67250000,134500000,67250000.0,0.9,440294970
양지율,여성,60대 후반,충청북도 청주시,신규,SUV,2,1,1,54930000,109860000,54930000.0,0.27,440294970
홍남호,여성,70대 초반,충청남도 천안시,신규,SUV,1,0,0,67580000,67580000,67580000.0,0.77,152475000
임하늘,남성,20대 후반,울산광역시,신규,세단,3,0,0,68340000,205020000,68340000.0,0.98,1209557200
홍남호,여성,20대 후반,울산광역시,VIP,SUV,3,0,1,64110000,192330000,64110000.0,0.38,1209557200
이예빈,여성,20대 후반,울산광역시,일반,SUV,3,1,0,54930000,164790000,54930000.0,0.87,1209557200
신수빈,여성,60대 중반,경상남도 창원시,VIP,해치백,2,1,1,21460000,42920000,21460000.0,0.85,347740250
임하늘,남성,60대 중반,경상남도 창원시,VIP,세단,2,1,0,23630000,47260000,23630000.0,0.49,347740250
노성민,여성,30대 중반,인천광역시,일반,SUV,5,1,1,63750000,318750000,63750000.0,0.66,1068643260
강민준,남성,30대 중반,인천광역시,신규,해치백,5,1,0,39330000,196650000,39330000.0,0.9,1068643260
임하늘,남성,30대 중반,인천광역시,VIP,해치백,5,1,0,60550000,302750000,60550000.0,0.89,1068643260
장수빈,여성,30대 중반,인천광역시,일반,SUV,5,0,1,22750000,113750000,22750000.0,0.73,1068643260
노성민,남성,30대 중반,인천광역시,일반,SUV,5,1,0,46040000,230200000,46040000.0,0.68,1068643260
한남호,여성,20대 초반,충청북도 청주시,일반,세단,3,1,0,40580000,121740000,40580000.0,0.44,834353000
조세윤,남성,20대 초반,충청북도 청주시,일반,SUV,3,0,1,35410000,106230000,35410000.0,0.67,834353000
김준서,여성,20대 초반,충청북도 청주시,VIP,해치백,3,0,1,52720000,158160000,52720000.0,0.4,834353000
정지후,여성,20대 후반,경상북도 포항시,VIP,해치백,1,0,1,52720000,52720000,52720000.0,0.45,261122400
장수빈,여성,50대 중반,부산광역시,일반,해치백,3,1,1,15640000,46920000,15640000.0,0.86,666465100
한남호,남성,50대 중반,부산광역시,VIP,해치백,3,0,1,69630000,208890000,69630000.0,0.65,666465100
유민성,여성,50대 중반,부산광역시,일반,해치백,3,0,1,68340000,205020000,68340000.0,0.67,666465100
배서아,남성,40대 초반,경기도 수원시,VIP,SUV,5,1,0,54430000,272150000,54430000.0,0.89,851262900
신수빈,남성,40대 초반,경기도 수원시,일반,세단,5,1,0,27670000,138350000,27670000.0,0.87,851262900
백시우,남성,40대 초반,경기도 수원시,일반,해치백,5,0,1,60980000,304900000,60980000.0,0.65,851262900
양지율,여성,40대 초반,경기도 수원시,일반,세단,5,1,1,39540000,197700000,39540000.0,0.52,851262900
임하늘,여성,40대 초반,경기도 수원시,신규,세단,5,1,1,27750000,138750000,27750000.0,0.6,851262900
최채원,여성,60대 후반,전라남도 목포시,일반,SUV,5,0,1,59740000,298700000,59740000.0,0.43,59931000
배서아,여성,60대 후반,전라남도 목포시,일반,세단,5,1,1,16610000,83050000,16610000.0,0.58,59931000
김준서,여성,60대 후반,전라남도 목포시,VIP,해치백,5,1,0,35610000,178050000,35610000.0,0.15,59931000
임하늘,여성,60대 후반,전라남도 목포시,VIP,SUV,5,1,1,61580000,307900000,61580000.0,0.65,59931000
송은우,여성,60대 후반,전라남도 목포시,신규,해치백,5,1,1,17060000,85300000,17060000.0,0.88,59931000
양지율,남성,60대 후반,전라북도 전주시,VIP,SUV,3,0,1,41130000,123390000,41130000.0,0.21,195241600
최채원,여성,60대 후반,전라북도 전주시,VIP,SUV,3,0,0,48420000,145260000,48420000.0,0.43,195241600
송은우,여성,60대 후반,전라북도 전주시,신규,해치백,3,0,0,50610000,151830000,50610000.0,0.74,195241600
노성민,남성,30대 후반,경기도 수원시,VIP,해치백,1,0,1,20020000,20020000,20020000.0,0.63,193919780
박현우,남성,40대 중반,경기도 성남시,VIP,해치백,3,1,1,41900000,125700000,41900000.0,0.93,313011080
임하늘,남성,40대 중반,경기도 성남시,VIP,세단,3,0,1,23040000,69120000,23040000.0,0.43,313011080
백시우,남성,40대 중반,경기도 성남시,일반,해치백,3,1,1,49440000,148320000,49440000.0,0.18,313011080
서이안,여성,20대 중반,광주광역시,신규,세단,1,0,1,67760000,67760000,67760000.0,0.57,352697120
노성민,남성,50대 중반,울산광역시,신규,세단,5,1,1,68900000,344500000,68900000.0,0.26,2287867330
한남호,여성,50대 중반,울산광역시,VIP,세단,5,0,1,65560000,327800000,65560000.0,0.56,2287867330
최채원,여성,50대 중반,울산광역시,일반,해치백,5,0,0,16300000,81500000,16300000.0,0.95,2287867330
이예빈,남성,50대 중반,울산광역시,일반,SUV,5,0,0,40680000,203400000,40680000.0,0.63,2287867330
강민준,여성,50대 중반,울산광역시,VIP,세단,5,1,0,33060000,165300000,33060000.0,0.7,2287867330
백시우,남성,30대 후반,울산광역시,일반,SUV,4,1,0,33060000,132240000,33060000.0,0.31,2015945300
임하늘,남성,30대 후반,울산광역시,VIP,해치백,4,0,1,23700000,94800000,23700000.0,0.59,2015945300
최채원,남성,30대 후반,울산광역시,VIP,SUV,4,0,1,46710000,186840000,46710000.0,0.98,2015945300
박현우,여성,30대 후반,울산광역시,VIP,해치백,4,1,1,49440000,197760000,49440000.0,0.11,2015945300
오성민,여성,20대 후반,충청북도 청주시,VIP,SUV,1,0,0,22690000,22690000,22690000.0,0.81,326105080
장수빈,여성,20대 중반,서울특별시,신규,해치백,1,0,0,39330000,39330000,39330000.0,0.66,64643700
구하람,남성,60대 중반,서울특별시,일반,해치백,4,1,1,55140000,220560000,55140000.0,0.24,1701049110
한남호,여성,60대 중반,서울특별시,VIP,SUV,4,1,0,48420000,193680000,48420000.0,0.89,1701049110
남다연,남성,60대 중반,서울특별시,일반,세단,4,1,0,23700000,94800000,23700000.0,0.12,1701049110
오성민,남성,60대 중반,서울특별시,신규,SUV,4,0,1,23040000,92160000,23040000.0,0.5,1701049110
백시우,여성,60대 후반,광주광역시,일반,해치백,5,1,0,48850000,244250000,48850000.0,0.73,2012275020
서이안,여성,60대 후반,광주광역시,VIP,SUV,5,1,1,33060000,165300000,33060000.0,0.32,2012275020
최채원,남성,60대 후반,광주광역시,신규,해치백,5,1,0,51450000,257250000,51450000.0,0.16,2012275020
문재윤,남성,60대 후반,광주광역시,VIP,SUV,5,0,0,53400000,267000000,53400000.0,0.14,2012275020
배서아,여성,60대 후반,광주광역시,신규,해치백,5,1,1,20020000,100100000,20020000.0,0.53,2012275020
한남호,여성,20대 중반,대전광역시,VIP,세단,3,1,0,33060000,99180000,33060000.0,0.16,437282700
한남호,남성,20대 중반,대전광역시,신규,SUV,3,1,1,41900000,125700000,41900000.0,0.33,437282700
남다연,여성,20대 중반,대전광역시,VIP,SUV,3,0,0,30280000,90840000,30280000.0,0.8,437282700
송은우,남성,40대 중반,전라남도 목포시,신규,세단,2,0,0,44190000,88380000,44190000.0,0.97,40150560
남다연,남성,40대 중반,전라남도 목포시,일반,SUV,2,0,1,68110000,136220000,68110000.0,0.41,40150560
구하람,여성,30대 초반,대구광역시,일반,SUV,2,0,1,17060000,34120000,17060000.0,0.22,403626960
박현우,남성,30대 초반,대구광역시,VIP,해치백,2,0,1,39350000,78700000,39350000.0,0.68,403626960
오성민,여성,40대 중반,대전광역시,신규,SUV,1,1,1,59740000,59740000,59740000.0,0.57,193311890
신수빈,여성,40대 초반,충청북도 청주시,신규,세단,1,1,1,63870000,63870000,63870000.0,0.29,408581250
최채원,남성,50대 후반,경기도 성남시,VIP,해치백,2,0,1,18790000,37580000,18790000.0,0.89,251710250
전남호,여성,50대 후반,경기도 성남시,일반,세단,2,1,1,48850000,97700000,48850000.0,0.96,251710250
문재윤,남성,20대 후반,경상북도 포항시,VIP,해치백,3,0,0,35620000,106860000,35620000.0,0.86,969520020
조세윤,남성,20대 후반,경상북도 포항시,신규,해치백,3,0,0,35470000,106410000,35470000.0,0.68,969520020
유민성,남성,20대 후반,경상북도 포항시,신규,세단,3,1,0,16300000,48900000,16300000.0,0.52,969520020
박현우,여성,40대 초반,대구광역시,일반,해치백,3,1,0,68900000,206700000,68900000.0,0.44,689827020
백시우,여성,40대 초반,대구광역시,VIP,세단,3,1,1,35470000,106410000,35470000.0,0.72,689827020
남다연,여성,40대 초반,대구광역시,신규,세단,3,1,1,25820000,77460000,25820000.0,0.22,689827020
구하람,여성,20대 중반,경기도 수원시,신규,세단,1,1,1,17410000,17410000,17410000.0,0.18,260274420
조세윤,남성,60대 후반,전라남도 목포시,VIP,SUV,1,0,1,40680000,40680000,40680000.0,0.3,40322700
박현우,여성,20대 후반,충청남도 천안시,일반,해치백,3,0,0,63590000,190770000,63590000.0,0.61,534928260
배서아,여성,20대 후반,충청남도 천안시,VIP,SUV,3,1,1,43880000,131640000,43880000.0,0.93,534928260
강민준,여성,20대 후반,충청남도 천안시,VIP,SUV,3,1,0,48850000,146550000,48850000.0,0.87,534928260
문재윤,남성,40대 후반,서울특별시,VIP,SUV,2,0,1,67480000,134960000,67480000.0,0.14,1006969260
이예빈,여성,40대 후반,서울특별시,일반,세단,2,1,0,67260000,134520000,67260000.0,0.81,1006969260
최채원,여성,60대 후반,충청북도 청주시,VIP,해치백,5,1,0,65560000,327800000,65560000.0,0.92,2430018080
윤태윤,남성,60대 후반,충청북도 청주시,일반,SUV,5,0,0,65510000,327550000,65510000.0,0.76,2430018080
조세윤,여성,60대 후반,충청북도 청주시,일반,해치백,5,1,1,56170000,280850000,56170000.0,0.58,2430018080
남다연,여성,60대 후반,충청북도 청주시,신규,세단,5,0,1,42470000,212350000,42470000.0,0.24,2430018080
홍남호,여성,60대 후반,충청북도 청주시,일반,해치백,5,0,1,30280000,151400000,30280000.0,0.24,2430018080
배서아,여성,30대 중반,경기도 성남시,VIP,세단,1,1,0,17000000,17000000,17000000.0,0.12,156458250
조세윤,여성,30대 후반,경기도 수원시,일반,세단,2,0,1,60980000,121960000,60980000.0,0.7,646010440
홍남호,남성,30대 후반,경기도 수원시,신규,해치백,2,0,1,44040000,88080000,44040000.0,0.78,646010440
송은우,여성,60대 초반,서울특별시,신규,해치백,1,1,1,29840000,29840000,29840000.0,0.53,84548640
김준서,여성,50대 중반,경상북도 포항시,일반,SUV,4,0,1,60980000,243920000,60980000.0,0.91,1428220800
임하늘,여성,50대 중반,경상북도 포항시,VIP,세단,4,0,1,37780000,151120000,37780000.0,0.81,1428220800
남다연,여성,50대 중반,경상북도 포항시,신규,SUV,4,0,1,62980000,251920000,62980000.0,0.66,1428220800
한남호,남성,50대 중반,경상북도 포항시,신규,세단,4,1,1,23630000,94520000,23630000.0,0.35,1428220800
전남호,남성,50대 후반,광주광역시,신규,해치백,5,0,1,17000000,85000000,17000000.0,0.82,2399633360
배서아,여성,50대 후반,광주광역시,일반,세단,5,1,0,52720000,263600000,52720000.0,0.73,2399633360
이예빈,여성,50대 후반,광주광역시,신규,세단,5,0,1,67260000,336300000,67260000.0,0.88,2399633360
노성민,여성,50대 후반,광주광역시,신규,세단,5,0,0,66160000,330800000,66160000.0,0.28,2399633360
남다연,남성,50대 후반,광주광역시,신규,해치백,5,1,1,59740000,298700000,59740000.0,0.39,2399633360
홍남호,여성,50대 중반,전라남도 목포시,VIP,SUV,5,0,1,54430000,272150000,54430000.0,0.48,280950300
노성민,여성,50대 중반,전라남도 목포시,일반,세단,5,0,0,37780000,188900000,37780000.0,0.71,280950300
배서아,여성,50대 중반,전라남도 목포시,일반,세단,5,1,0,35270000,176350000,35270000.0,0.21,280950300
박현우,여성,50대 중반,전라남도 목포시,일반,SUV,5,0,1,49440000,247200000,49440000.0,0.45,280950300
구하람,남성,50대 중반,전라남도 목포시,일반,세단,5,1,1,29840000,149200000,29840000.0,0.58,280950300
정지후,남성,60대 초반,경상남도 창원시,신규,세단,4,0,0,39350000,157400000,39350000.0,0.34,951845370
임하늘,남성,60대 초반,경상남도 창원시,VIP,SUV,4,1,1,25210000,100840000,25210000.0,0.98,951845370
백시우,여성,60대 초반,경상남도 창원시,일반,세단,4,1,1,39540000,158160000,39540000.0,0.1,951845370
정지후,남성,60대 초반,경상남도 창원시,VIP,세단,4,0,1,16300000,65200000,16300000.0,0.46,951845370
서이안,남성,40대 후반,전라남도 목포시,VIP,SUV,4,1,0,63870000,255480000,63870000.0,0.68,347037680
서이안,여성,40대 후반,전라남도 목포시,일반,SUV,4,0,0,19920000,79680000,19920000.0,0.53,347037680
최채원,남성,40대 후반,전라남도 목포시,신규,세단,4,1,0,22750000,91000000,22750000.0,0.25,347037680
신수빈,남성,40대 후반,전라남도 목포시,신규,해치백,4,0,0,28630000,114520000,28630000.0,0.46,347037680
장수빈,남성,50대 후반,서울특별시,신규,SUV,4,1,0,44190000,176760000,44190000.0,0.87,432897260
홍남호,여성,50대 후반,서울특별시,VIP,세단,4,0,1,31850000,127400000,31850000.0,0.26,432897260
윤태윤,남성,50대 후반,서울특별시,VIP,세단,4,1,1,25280000,101120000,25280000.0,0.83,432897260
신수빈,남성,50대 후반,서울특별시,신규,SUV,4,0,1,25280000,101120000,25280000.0,0.22,432897260
신수빈,여성,70대 초반,부산광역시,VIP,세단,4,0,1,26840000,107360000,26840000.0,0.53,1052603520
강민준,여성,70대 초반,부산광역시,신규,SUV,4,1,1,34810000,139240000,34810000.0,0.19,1052603520
오성민,남성,70대 초반,부산광역시,일반,해치백,4,0,0,53430000,213720000,53430000.0,0.75,1052603520
김준서,여성,70대 초반,부산광역시,VIP,SUV,4,0,0,29780000,119120000,29780000.0,0.26,1052603520
송은우,여성,30대 중반,부산광역시,신규,해치백,3,1,1,67580000,202740000,67580000.0,0.82,977400690
장수빈,남성,30대 중반,부산광역시,신규,세단,3,0,0,66160000,198480000,66160000.0,0.32,977400690
배서아,여성,30대 중반,부산광역시,신규,해치백,3,0,1,60980000,182940000,60980000.0,0.32,977400690
윤태윤,남성,40대 초반,대구광역시,VIP,해치백,5,0,1,59880000,299400000,59880000.0,0.5,1347672060
구하람,남성,40대 초반,대구광역시,일반,세단,5,0,1,66160000,330800000,66160000.0,0.92,1347672060
오성민,남성,40대 초반,대구광역시,VIP,해치백,5,0,0,26840000,134200000,26840000.0,0.89,1347672060
박현우,여성,40대 초반,대구광역시,신규,해치백,5,1,0,63430000,317150000,63430000.0,0.41,1347672060
최채원,여성,40대 초반,대구광역시,신규,해치백,5,1,0,33990000,169950000,33990000.0,0.84,1347672060
구하람,여성,70대 초반,광주광역시,일반,세단,5,1,1,28630000,143150000,28630000.0,0.99,2720152200
장수빈,남성,70대 초반,광주광역시,일반,SUV,5,1,0,60140000,300700000,60140000.0,0.26,2720152200
윤태윤,남성,70대 초반,광주광역시,신규,해치백,5,1,0,27670000,138350000,27670000.0,0.52,2720152200
노성민,남성,70대 초반,광주광역시,VIP,해치백,5,0,0,66910000,334550000,66910000.0,0.23,2720152200
남다연,여성,70대 초반,광주광역시,일반,해치백,5,0,1,40560000,202800000,40560000.0,0.19,2720152200
백시우,남성,40대 후반,서울특별시,신규,세단,1,1,0,26840000,26840000,26840000.0,0.79,564024380
구하람,남성,60대 중반,경기도 수원시,VIP,SUV,2,1,0,39330000,78660000,39330000.0,0.39,724818320
구하람,남성,60대 중반,경기도 수원시,일반,세단,2,0,1,41900000,83800000,41900000.0,0.58,724818320
구하람,여성,40대 중반,대전광역시,일반,세단,4,1,1,30000000,120000000,30000000.0,0.63,877122270
송은우,남성,40대 중반,대전광역시,신규,세단,4,1,0,66910000,267640000,66910000.0,0.64,877122270
신수빈,남성,40대 중반,대전광역시,VIP,SUV,4,0,1,31850000,127400000,31850000.0,0.32,877122270
유민성,여성,40대 중반,대전광역시,VIP,SUV,4,1,1,67260000,269040000,67260000.0,0.74,877122270
전남호,여성,60대 초반,부산광역시,VIP,해치백,1,0,1,52980000,52980000,52980000.0,0.22,362681550
김준서,여성,50대 중반,울산광역시,신규,해치백,4,1,0,69860000,279440000,69860000.0,0.94,2359208040
유민성,남성,50대 중반,울산광역시,VIP,세단,4,1,1,66160000,264640000,66160000.0,0.51,2359208040
윤태윤,남성,50대 중반,울산광역시,VIP,해치백,4,0,0,53400000,213600000,53400000.0,0.98,2359208040
정지후,남성,50대 중반,울산광역시,VIP,SUV,4,0,0,63430000,253720000,63430000.0,1.0,2359208040
전남호,남성,20대 중반,인천광역시,신규,SUV,4,0,1,25160000,100640000,25160000.0,0.63,992529470
문재윤,여성,20대 중반,인천광역시,신규,해치백,4,1,0,15340000,61360000,15340000.0,0.32,992529470
송은우,여성,20대 중반,인천광역시,VIP,해치백,4,1,0,35610000,142440000,35610000.0,0.89,992529470
김준서,여성,20대 중반,인천광역시,일반,해치백,4,1,1,30850000,123400000,30850000.0,0.43,992529470
양지율,여성,20대 중반,서울특별시,VIP,해치백,3,1,0,46040000,138120000,46040000.0,0.58,403491360
강민준,여성,20대 중반,서울특별시,신규,세단,3,0,1,63750000,191250000,63750000.0,0.41,403491360
이예빈,남성,20대 중반,서울특별시,VIP,SUV,3,0,1,24950000,74850000,24950000.0,0.86,403491360
문재윤,남성,60대 후반,충청남도 천안시,신규,세단,2,1,0,42470000,84940000,42470000.0,0.33,488296200
백시우,여성,60대 후반,충청남도 천안시,VIP,SUV,2,0,1,22750000,45500000,22750000.0,0.94,488296200
최채원,여성,50대 중반,서울특별시,일반,SUV,2,1,0,30700000,61400000,30700000.0,0.46,1257134400
송은우,여성,50대 중반,서울특별시,VIP,SUV,2,1,0,29950000,59900000,29950000.0,0.21,1257134400
임하늘,남성,50대 중반,대구광역시,VIP,SUV,5,0,0,65510000,327550000,65510000.0,0.36,1726420380
백시우,여성,50대 중반,대구광역시,VIP,SUV,5,0,1,15640000,78200000,15640000.0,0.76,1726420380
노성민,여성,50대 중반,대구광역시,일반,세단,5,0,1,51450000,257250000,51450000.0,0.24,1726420380
배서아,여성,50대 중반,대구광역시,신규,SUV,5,0,1,30850000,154250000,30850000.0,0.72,1726420380
양지율,여성,50대 중반,대구광역시,VIP,SUV,5,1,0,42730000,213650000,42730000.0,0.4,1726420380
전남호,여성,60대 중반,충청북도 청주시,일반,세단,4,0,0,51450000,205800000,51450000.0,0.23,2366637760
한남호,남성,60대 중반,충청북도 청주시,VIP,해치백,4,0,0,21000000,84000000,21000000.0,0.23,2366637760
이예빈,여성,60대 중반,충청북도 청주시,신규,세단,4,0,1,40560000,162240000,40560000.0,0.25,2366637760
홍남호,남성,60대 중반,충청북도 청주시,일반,SUV,4,0,1,65560000,262240000,65560000.0,0.73,2366637760
전남호,여성,60대 후반,전라남도 목포시,VIP,세단,2,1,0,68930000,137860000,68930000.0,0.5,228093900
윤태윤,남성,60대 후반,전라남도 목포시,VIP,SUV,2,0,1,66910000,133820000,66910000.0,0.15,228093900
박현우,남성,50대 초반,대구광역시,신규,세단,3,0,0,21000000,63000000,21000000.0,0.37,1247094870
양지율,여성,50대 초반,대구광역시,VIP,해치백,3,1,1,21000000,63000000,21000000.0,0.51,1247094870
문재윤,여성,50대 초반,대구광역시,신규,해치백,3,1,0,48420000,145260000,48420000.0,0.66,1247094870
양지율,남성,30대 후반,울산광역시,신규,해치백,1,1,1,23700000,23700000,23700000.0,0.41,651337830
윤태윤,남성,50대 초반,경기도 수원시,신규,세단,2,0,1,34810000,69620000,34810000.0,0.95,818413700
구하람,여성,50대 초반,경기도 수원시,VIP,세단,2,1,1,60140000,120280000,60140000.0,0.24,818413700
윤태윤,남성,30대 중반,광주광역시,일반,SUV,1,1,0,19920000,19920000,19920000.0,0.7,588319200
홍남호,여성,30대 후반,인천광역시,일반,세단,1,1,1,67250000,67250000,67250000.0,0.59,323220040
남다연,여성,60대 중반,인천광역시,신규,해치백,5,1,0,46520000,232600000,46520000.0,0.11,1835438380
김준서,여성,60대 중반,인천광역시,신규,해치백,5,1,0,17410000,87050000,17410000.0,0.12,1835438380
정지후,남성,60대 중반,인천광역시,VIP,SUV,5,1,0,67260000,336300000,67260000.0,0.5,1835438380
홍남호,여성,60대 중반,인천광역시,일반,세단,5,0,0,45990000,229950000,45990000.0,0.44,1835438380
정지후,남성,60대 중반,인천광역시,신규,SUV,5,1,1,51450000,257250000,51450000.0,0.78,1835438380
장수빈,여성,20대 중반,경기도 수원시,일반,SUV,5,1,1,15640000,78200000,15640000.0,0.8,2319234220
노성민,남성,20대 중반,경기도 수원시,VIP,해치백,5,1,1,65560000,327800000,65560000.0,0.2,2319234220
오성민,남성,20대 중반,경기도 수원시,VIP,SUV,5,1,1,27750000,138750000,27750000.0,0.56,2319234220
서이안,남성,20대 중반,경기도 수원시,신규,SUV,5,0,1,63750000,318750000,63750000.0,0.93,2319234220
조세윤,여성,20대 중반,경기도 수원시,VIP,SUV,5,1,1,35410000,177050000,35410000.0,0.36,2319234220
최채원,여성,60대 초반,충청남도 천안시,일반,세단,2,1,0,45050000,90100000,45050000.0,0.51,569550110
정지후,여성,60대 초반,충청남도 천안시,일반,SUV,2,0,1,39350000,78700000,39350000.0,0.3,569550110
백시우,여성,20대 중반,부산광역시,일반,SUV,1,1,0,67250000,67250000,67250000.0,0.32,413365920
임하늘,여성,40대 중반,인천광역시,신규,SUV,5,1,0,53840000,269200000,53840000.0,0.37,2068342540
남다연,남성,40대 중반,인천광역시,신규,세단,5,1,0,54430000,272150000,54430000.0,0.14,2068342540
한남호,여성,40대 중반,인천광역시,신규,SUV,5,1,0,35610000,178050000,35610000.0,0.95,2068342540
김준서,남성,40대 중반,인천광역시,VIP,SUV,5,0,1,57970000,289850000,57970000.0,0.8,2068342540
송은우,남성,40대 중반,인천광역시,VIP,해치백,5,0,1,52720000,263600000,52720000.0,1.0,2068342540
최채원,남성,50대 초반,전라남도 목포시,VIP,SUV,5,1,1,29950000,149750000,29950000.0,0.93,834419060
유민성,여성,50대 초반,전라남도 목포시,신규,SUV,5,0,1,53430000,267150000,53430000.0,0.4,834419060
박현우,남성,50대 초반,전라남도 목포시,VIP,SUV,5,1,0,19920000,99600000,19920000.0,0.82,834419060
구하람,여성,50대 초반,전라남도 목포시,VIP,세단,5,0,0,66910000,334550000,66910000.0,0.55,834419060
정지후,남성,50대 초반,전라남도 목포시,VIP,SUV,5,0,0,17060000,85300000,17060000.0,0.32,834419060
노성민,남성,40대 중반,서울특별시,신규,해치백,2,1,0,30280000,60560000,30280000.0,0.83,1375893980
구하람,남성,40대 중반,서울특별시,일반,세단,2,1,0,23630000,47260000,23630000.0,0.63,1375893980
홍남호,여성,50대 후반,경기도 수원시,일반,해치백,2,1,1,63430000,126860000,63430000.0,0.9,1126468800
홍남호,여성,50대 후반,경기도 수원시,신규,SUV,2,0,0,40560000,81120000,40560000.0,0.56,1126468800
서이안,남성,40대 중반,충청북도 청주시,VIP,해치백,3,1,0,29950000,89850000,29950000.0,0.99,1924314420
김준서,여성,40대 중반,충청북도 청주시,신규,해치백,3,0,0,53430000,160290000,53430000.0,0.81,1924314420
윤태윤,여성,40대 중반,충청북도 청주시,VIP,해치백,3,1,0,50560000,151680000,50560000.0,0.51,1924314420
김준서,여성,50대 후반,경상남도 창원시,일반,SUV,3,1,0,15340000,46020000,15340000.0,1.0,826697780
남다연,여성,50대 후반,경상남도 창원시,일반,해치백,3,0,0,17000000,51000000,17000000.0,0.32,826697780
전남호,여성,50대 후반,경상남도 창원시,신규,SUV,3,0,0,40560000,121680000,40560000.0,0.28,826697780
구하람,남성,50대 중반,전라북도 전주시,일반,SUV,4,1,1,24750000,99000000,24750000.0,0.68,330787800
노성민,남성,50대 중반,전라북도 전주시,일반,SUV,4,0,1,23780000,95120000,23780000.0,0.97,330787800
구하람,여성,50대 중반,전라북도 전주시,신규,SUV,4,0,1,61580000,246320000,61580000.0,0.7,330787800
유민성,여성,50대 중반,전라북도 전주시,VIP,해치백,4,1,0,17000000,68000000,17000000.0,0.61,330787800
임하늘,남성,20대 중반,광주광역시,신규,SUV,5,0,0,37780000,188900000,37780000.0,0.52,3183134680
정지후,남성,20대 중반,광주광역시,신규,세단,5,0,0,63870000,319350000,63870000.0,0.99,3183134680
임하늘,여성,20대 중반,광주광역시,VIP,SUV,5,0,0,31850000,159250000,31850000.0,0.41,3183134680
강민준,남성,20대 중반,광주광역시,신규,세단,5,1,1,53400000,267000000,53400000.0,0.1,3183134680
서이안,여성,20대 중반,광주광역시,일반,해치백,5,0,1,52980000,264900000,52980000.0,0.33,3183134680
임하늘,여성,20대 후반,대구광역시,일반,해치백,3,1,1,37780000,113340000,37780000.0,1.0,1405102300
양지율,여성,20대 후반,대구광역시,VIP,SUV,3,0,0,53430000,160290000,53430000.0,0.34,1405102300
박현우,여성,20대 후반,대구광역시,VIP,SUV,3,0,0,43880000,131640000,43880000.0,0.15,1405102300
노성민,여성,40대 중반,전라북도 전주시,일반,세단,4,0,0,16610000,66440000,16610000.0,0.57,481251000
조세윤,남성,40대 중반,전라북도 전주시,VIP,SUV,4,1,0,68930000,275720000,68930000.0,0.84,481251000
전남호,여성,40대 중반,전라북도 전주시,신규,SUV,4,1,1,45990000,183960000,45990000.0,0.23,481251000
유민성,남성,40대 중반,전라북도 전주시,일반,해치백,4,0,1,23780000,95120000,23780000.0,0.55,481251000
유민성,남성,20대 후반,부산광역시,VIP,세단,5,0,1,25160000,125800000,25160000.0,0.92,2365898940
정지후,여성,20대 후반,부산광역시,신규,세단,5,0,1,45990000,229950000,45990000.0,0.46,2365898940
장수빈,남성,20대 후반,부산광역시,신규,해치백,5,1,0,60550000,302750000,60550000.0,0.23,2365898940
양지율,남성,20대 후반,부산광역시,일반,세단,5,1,0,19660000,98300000,19660000.0,0.96,2365898940
신수빈,여성,20대 후반,부산광역시,VIP,SUV,5,1,1,53430000,267150000,53430000.0,0.89,2365898940
이예빈,여성,20대 후반,서울특별시,일반,해치백,3,0,0,66340000,199020000,66340000.0,0.96,498520200
전남호,남성,20대 후반,서울특별시,VIP,SUV,3,1,0,53400000,160200000,53400000.0,0.49,498520200
윤태윤,여성,20대 후반,서울특별시,일반,세단,3,1,1,29840000,89520000,29840000.0,0.27,498520200
한남호,남성,40대 후반,충청북도 청주시,VIP,SUV,2,1,1,40560000,81120000,40560000.0,0.3,1480458000
문재윤,남성,40대 후반,충청북도 청주시,일반,해치백,2,1,1,22750000,45500000,22750000.0,0.31,1480458000
윤태윤,여성,60대 후반,충청북도 청주시,VIP,SUV,5,1,0,60550000,302750000,60550000.0,0.51,4219558440
윤태윤,남성,60대 후반,충청북도 청주시,일반,SUV,5,1,0,25160000,125800000,25160000.0,0.72,4219558440
최채원,남성,60대 후반,충청북도 청주시,VIP,해치백,5,1,0,67250000,336250000,67250000.0,0.88,4219558440
정지후,남성,60대 후반,충청북도 청주시,일반,세단,5,1,0,20630000,103150000,20630000.0,0.35,4219558440
양지율,남성,60대 후반,충청북도 청주시,일반,세단,5,1,1,54930000,274650000,54930000.0,0.74,4219558440
남다연,남성,20대 후반,광주광역시,일반,SUV,1,0,1,35610000,35610000,35610000.0,0.27,759733280
구하람,여성,70대 초반,광주광역시,신규,SUV,1,1,1,42310000,42310000,42310000.0,0.7,812988150
노성민,남성,50대 초반,경기도 성남시,VIP,세단,2,0,1,18790000,37580000,18790000.0,0.58,433586700
강민준,여성,50대 초반,경기도 성남시,일반,SUV,2,1,1,25760000,51520000,25760000.0,0.49,433586700
서이안,남성,40대 중반,전라북도 전주시,VIP,해치백,1,0,1,29840000,29840000,29840000.0,0.89,145028550
조세윤,여성,50대 초반,인천광역시,VIP,해치백,3,0,1,30700000,92100000,30700000.0,0.62,1385643750
남다연,남성,50대 초반,인천광역시,VIP,해치백,3,0,1,66340000,199020000,66340000.0,0.91,1385643750
배서아,여성,50대 초반,인천광역시,신규,세단,3,1,1,30000000,90000000,30000000.0,0.22,1385643750
오성민,남성,30대 중반,서울특별시,일반,해치백,3,0,0,63870000,191610000,63870000.0,0.55,2359218640
전남호,여성,30대 중반,서울특별시,VIP,세단,3,1,1,16890000,50670000,16890000.0,0.19,2359218640
한남호,여성,30대 중반,서울특별시,VIP,해치백,3,0,1,27750000,83250000,27750000.0,0.44,2359218640
문재윤,여성,60대 중반,부산광역시,VIP,세단,1,0,0,46520000,46520000,46520000.0,0.31,513802370
박현우,남성,20대 중반,경기도 수원시,일반,SUV,3,0,0,46520000,139560000,46520000.0,0.61,1967537040
김준서,여성,20대 중반,경기도 수원시,신규,해치백,3,0,0,35270000,105810000,35270000.0,0.3,1967537040
남다연,여성,20대 중반,경기도 수원시,신규,SUV,3,1,0,40580000,121740000,40580000.0,0.88,1967537040
남다연,여성,40대 초반,서울특별시,VIP,세단,5,1,1,21460000,107300000,21460000.0,0.5,4291950080
백시우,여성,40대 초반,서울특별시,신규,해치백,5,0,0,63870000,319350000,63870000.0,0.24,4291950080
배서아,여성,40대 초반,서울특별시,VIP,세단,5,0,0,39330000,196650000,39330000.0,0.8,4291950080
양지율,여성,40대 초반,서울특별시,VIP,SUV,5,1,0,35270000,176350000,35270000.0,0.97,4291950080
윤태윤,남성,40대 초반,서울특별시,일반,해치백,5,1,0,35270000,176350000,35270000.0,0.64,4291950080
최채원,남성,40대 후반,전라북도 전주시,VIP,세단,1,1,1,45730000,45730000,45730000.0,0.65,206201860
박현우,남성,50대 중반,경기도 성남시,VIP,SUV,1,1,1,57970000,57970000,57970000.0,0.46,273729400
김준서,남성,30대 초반,경기도 수원시,VIP,해치백,1,1,0,25760000,25760000,25760000.0,0.81,711738720
남다연,여성,20대 후반,충청북도 청주시,신규,세단,3,1,0,52720000,158160000,52720000.0,0.89,2759804520
배서아,여성,20대 후반,충청북도 청주시,일반,세단,3,0,1,68900000,206700000,68900000.0,0.96,2759804520
윤태윤,여성,20대 후반,충청북도 청주시,신규,해치백,3,0,0,48850000,146550000,48850000.0,0.53,2759804520
백시우,남성,20대 초반,전라북도 전주시,VIP,해치백,3,1,0,39540000,118620000,39540000.0,0.3,721809270
윤태윤,남성,20대 초반,전라북도 전주시,VIP,해치백,3,1,0,40560000,121680000,40560000.0,0.13,721809270
문재윤,여성,20대 초반,전라북도 전주시,VIP,세단,3,1,1,25210000,75630000,25210000.0,0.49,721809270
강민준,남성,70대 초반,경기도 수원시,VIP,SUV,1,0,1,57970000,57970000,57970000.0,0.63,833242500
배서아,남성,60대 중반,광주광역시,일반,SUV,5,0,1,35270000,176350000,35270000.0,0.98,4402332900
윤태윤,여성,60대 중반,광주광역시,일반,해치백,5,0,1,39540000,197700000,39540000.0,0.57,4402332900
전남호,여성,60대 중반,광주광역시,신규,세단,5,0,0,59880000,299400000,59880000.0,0.59,4402332900
임하늘,여성,60대 중반,광주광역시,일반,SUV,5,1,1,63870000,319350000,63870000.0,0.47,4402332900
최채원,남성,60대 중반,광주광역시,VIP,SUV,5,0,1,24950000,124750000,24950000.0,0.19,4402332900
백시우,여성,60대 중반,경기도 수원시,VIP,세단,2,0,0,63590000,127180000,63590000.0,0.13,1788622920
신수빈,남성,60대 중반,경기도 수원시,신규,세단,2,1,0,27670000,55340000,27670000.0,0.15,1788622920
홍남호,남성,20대 중반,경기도 성남시,VIP,해치백,2,1,1,55140000,110280000,55140000.0,0.83,675624300
구하람,남성,20대 중반,경기도 성남시,일반,세단,2,0,0,41950000,83900000,41950000.0,0.56,675624300
양지율,남성,60대 초반,충청북도 청주시,신규,해치백,5,0,0,30850000,154250000,30850000.0,0.21,5001598070
홍남호,남성,60대 초반,충청북도 청주시,신규,SUV,5,1,0,35610000,178050000,35610000.0,0.79,5001598070
문재윤,남성,60대 초반,충청북도 청주시,신규,SUV,5,0,1,33060000,165300000,33060000.0,0.47,5001598070
백시우,남성,60대 초반,충청북도 청주시,신규,SUV,5,1,1,60550000,302750000,60550000.0,0.29,5001598070
서이안,남성,60대 초반,충청북도 청주시,신규,세단,5,0,1,26840000,134200000,26840000.0,0.42,5001598070
송은우,남성,30대 초반,경기도 수원시,일반,세단,4,0,0,66340000,265360000,66340000.0,0.25,4025406210
배서아,여성,30대 초반,경기도 수원시,신규,해치백,4,0,1,41130000,164520000,41130000.0,0.8,4025406210
김준서,여성,30대 초반,경기도 수원시,일반,SUV,4,0,1,46040000,184160000,46040000.0,0.61,4025406210
홍남호,남성,30대 초반,경기도 수원시,신규,SUV,4,0,1,42730000,170920000,42730000.0,0.43,4025406210
문재윤,여성,40대 후반,서울특별시,VIP,세단,1,1,0,53400000,53400000,53400000.0,0.93,967466880
홍남호,남성,20대 중반,울산광역시,VIP,세단,5,1,0,60510000,302550000,60510000.0,0.62,3509532040
이예빈,여성,20대 중반,울산광역시,VIP,해치백,5,0,0,42730000,213650000,42730000.0,0.9,3509532040
백시우,남성,20대 중반,울산광역시,VIP,세단,5,1,0,35620000,178100000,35620000.0,0.46,3509532040
홍남호,남성,20대 중반,울산광역시,VIP,해치백,5,0,0,31850000,159250000,31850000.0,0.41,3509532040
한남호,여성,20대 중반,울산광역시,일반,세단,5,0,1,59880000,299400000,59880000.0,0.91,3509532040
오성민,여성,50대 후반,경상북도 포항시,VIP,SUV,4,0,0,22750000,91000000,22750000.0,0.98,1608347840
오성민,여성,50대 후반,경상북도 포항시,VIP,SUV,4,0,0,40580000,162320000,40580000.0,0.91,1608347840
조세윤,여성,50대 후반,경상북도 포항시,일반,해치백,4,0,0,19740000,78960000,19740000.0,0.11,1608347840
신수빈,남성,50대 후반,경상북도 포항시,VIP,세단,4,1,1,51450000,205800000,51450000.0,0.13,1608347840
이예빈,남성,20대 후반,부산광역시,VIP,세단,5,1,1,25210000,126050000,25210000.0,0.63,2791888700
구하람,남성,20대 후반,부산광역시,VIP,세단,5,1,0,20630000,103150000,20630000.0,0.43,2791888700
송은우,남성,20대 후반,부산광역시,VIP,세단,5,0,0,43880000,219400000,43880000.0,0.81,2791888700
구하람,남성,20대 후반,부산광역시,일반,세단,5,0,0,67480000,337400000,67480000.0,0.91,2791888700
문재윤,여성,20대 후반,부산광역시,일반,해치백,5,0,1,53900000,269500000,53900000.0,0.5,2791888700
남다연,여성,40대 중반,서울특별시,신규,세단,4,0,1,45920000,183680000,45920000.0,0.12,924616000
최채원,여성,40대 중반,서울특별시,일반,SUV,4,1,1,56170000,224680000,56170000.0,0.26,924616000
홍남호,여성,40대 중반,서울특별시,신규,세단,4,1,1,18790000,75160000,18790000.0,0.81,924616000
임하늘,여성,40대 중반,서울특별시,일반,SUV,4,0,0,59930000,239720000,59930000.0,0.34,924616000
전남호,여성,50대 초반,경기도 성남시,VIP,해치백,3,1,0,35410000,106230000,35410000.0,0.34,1224641250
강민준,남성,50대 초반,경기도 성남시,VIP,세단,3,0,0,46710000,140130000,46710000.0,0.22,1224641250
신수빈,남성,50대 초반,경기도 성남시,VIP,세단,3,1,0,44190000,132570000,44190000.0,0.41,1224641250
정지후,여성,60대 초반,울산광역시,VIP,해치백,1,0,0,57970000,57970000,57970000.0,0.74,763772500
문재윤,남성,40대 초반,서울특별시,신규,세단,3,1,0,68340000,205020000,68340000.0,0.49,3143102940
윤태윤,남성,40대 초반,서울특별시,일반,세단,3,0,0,50560000,151680000,50560000.0,0.11,3143102940
유민성,여성,40대 초반,서울특별시,VIP,해치백,3,1,0,25760000,77280000,25760000.0,0.68,3143102940
문재윤,남성,30대 후반,경기도 성남시,신규,세단,1,1,0,62980000,62980000,62980000.0,0.21,444477320
남다연,남성,50대 중반,전라북도 전주시,일반,SUV,1,1,0,69860000,69860000,69860000.0,0.51,277873420
오성민,여성,50대 초반,충청북도 청주시,일반,세단,1,1,1,21000000,21000000,21000000.0,0.17,1087815810
송은우,남성,60대 중반,경상남도 창원시,신규,세단,3,1,1,59740000,179220000,59740000.0,0.53,1058457360
오성민,여성,60대 중반,경상남도 창원시,VIP,세단,3,0,0,53900000,161700000,53900000.0,0.55,1058457360
오성민,남성,60대 중반,경상남도 창원시,일반,해치백,3,1,0,15340000,46020000,15340000.0,0.51,1058457360
구하람,여성,50대 중반,서울특별시,VIP,세단,2,1,1,44190000,88380000,44190000.0,0.99,606766300
배서아,남성,50대 중반,서울특별시,신규,세단,2,1,1,42900000,85800000,42900000.0,0.33,606766300
임하늘,남성,60대 중반,경기도 수원시,VIP,해치백,2,1,1,19660000,39320000,19660000.0,0.67,2141099000
강민준,여성,60대 중반,경기도 수원시,일반,세단,2,0,0,52980000,105960000,52980000.0,0.32,2141099000
윤태윤,여성,30대 후반,부산광역시,VIP,해치백,4,0,0,20630000,82520000,20630000.0,0.46,2484535200
홍남호,남성,30대 후반,부산광역시,신규,세단,4,0,1,63750000,255000000,63750000.0,0.29,2484535200
전남호,남성,30대 후반,부산광역시,VIP,해치백,4,0,1,67260000,269040000,67260000.0,0.94,2484535200
박현우,여성,30대 후반,부산광역시,VIP,세단,4,1,0,25820000,103280000,25820000.0,0.12,2484535200
조세윤,여성,60대 초반,광주광역시,VIP,SUV,2,1,1,23040000,46080000,23040000.0,0.31,1908312900
구하람,남성,60대 초반,광주광역시,VIP,해치백,2,0,1,45990000,91980000,45990000.0,0.6,1908312900
김준서,남성,40대 중반,대전광역시,VIP,해치백,4,1,0,47020000,188080000,47020000.0,0.15,1111910130
전남호,여성,40대 중반,대전광역시,VIP,세단,4,1,0,23630000,94520000,23630000.0,0.28,1111910130
구하람,남성,40대 중반,대전광역시,신규,해치백,4,1,0,68340000,273360000,68340000.0,0.44,1111910130
임하늘,여성,40대 중반,대전광역시,VIP,SUV,4,1,1,67580000,270320000,67580000.0,0.51,1111910130
한남호,여성,50대 중반,충청북도 청주시,신규,SUV,3,1,1,23700000,71100000,23700000.0,0.63,3723411240
서이안,남성,50대 중반,충청북도 청주시,일반,SUV,3,0,1,45990000,137970000,45990000.0,0.52,3723411240
이예빈,남성,50대 중반,충청북도 청주시,VIP,세단,3,1,0,67580000,202740000,67580000.0,0.74,3723411240
최채원,여성,50대 중반,서울특별시,신규,해치백,1,0,0,66910000,66910000,66910000.0,0.86,1128570750
이예빈,남성,50대 후반,경기도 성남시,신규,SUV,1,1,1,46040000,46040000,46040000.0,0.22,547418880
장수빈,여성,40대 초반,서울특별시,신규,해치백,5,0,1,65510000,327550000,65510000.0,0.61,1743954360
문재윤,남성,40대 초반,서울특별시,VIP,세단,5,1,1,33060000,165300000,33060000.0,0.92,1743954360
홍남호,남성,40대 초반,서울특별시,신규,세단,5,1,0,44190000,220950000,44190000.0,0.44,1743954360
문재윤,여성,40대 초반,서울특별시,신규,SUV,5,1,0,39350000,196750000,39350000.0,0.7,1743954360
구하람,남성,40대 초반,서울특별시,일반,해치백,5,0,0,41900000,209500000,41900000.0,0.26,1743954360
구하람,여성,20대 중반,전라남도 목포시,일반,해치백,1,1,0,38910000,38910000,38910000.0,0.96,195148800
장수빈,남성,30대 중반,전라남도 목포시,VIP,SUV,5,1,1,23630000,118150000,23630000.0,0.11,1162926240
문재윤,여성,30대 중반,전라남도 목포시,일반,세단,5,1,1,30850000,154250000,30850000.0,0.8,1162926240
장수빈,남성,30대 중반,전라남도 목포시,신규,해치백,5,1,1,63750000,318750000,63750000.0,0.1,1162926240
홍남호,여성,30대 중반,전라남도 목포시,일반,해치백,5,0,0,41900000,209500000,41900000.0,0.92,1162926240
이예빈,여성,30대 중반,전라남도 목포시,VIP,해치백,5,1,0,60550000,302750000,60550000.0,0.87,1162926240
이예빈,여성,40대 초반,경기도 성남시,VIP,세단,1,1,1,16300000,16300000,16300000.0,0.26,657048960
배서아,여성,50대 후반,경기도 성남시,신규,해치백,5,0,0,66910000,334550000,66910000.0,0.25,3532315410
서이안,남성,50대 후반,경기도 성남시,일반,해치백,5,1,1,18910000,94550000,18910000.0,0.35,3532315410
정지후,여성,50대 후반,경기도 성남시,일반,세단,5,1,0,55140000,275700000,55140000.0,0.58,3532315410
배서아,여성,50대 후반,경기도 성남시,VIP,해치백,5,0,1,29840000,149200000,29840000.0,0.6,3532315410
신수빈,여성,50대 후반,경기도 성남시,일반,SUV,5,0,1,25820000,129100000,25820000.0,0.92,3532315410
김준서,여성,60대 중반,서울특별시,일반,SUV,5,1,1,67250000,336250000,67250000.0,0.33,6285762140
문재윤,남성,60대 중반,서울특별시,일반,SUV,5,0,1,44040000,220200000,44040000.0,0.39,6285762140
노성민,여성,60대 중반,서울특별시,일반,SUV,5,1,0,20630000,103150000,20630000.0,0.6,6285762140
문재윤,남성,60대 중반,서울특별시,신규,SUV,5,0,0,67480000,337400000,67480000.0,0.41,6285762140
김준서,남성,60대 중반,서울특별시,일반,세단,5,1,0,44040000,220200000,44040000.0,0.38,6285762140
노성민,여성,40대 초반,경기도 수원시,신규,SUV,2,1,1,17060000,34120000,17060000.0,0.2,2439414450
문재윤,여성,40대 초반,경기도 수원시,VIP,해치백,2,0,1,59260000,118520000,59260000.0,0.24,2439414450
한남호,여성,70대 초반,전라남도 목포시,일반,해치백,3,0,1,42730000,128190000,42730000.0,0.12,875949840
서이안,남성,70대 초반,전라남도 목포시,VIP,해치백,3,0,1,15340000,46020000,15340000.0,0.39,875949840
오성민,남성,70대 초반,전라남도 목포시,신규,세단,3,1,1,25280000,75840000,25280000.0,0.12,875949840
서이안,여성,60대 후반,경상남도 창원시,신규,SUV,3,0,1,17000000,51000000,17000000.0,0.26,1195272520
윤태윤,남성,60대 후반,경상남도 창원시,VIP,해치백,3,0,0,17000000,51000000,17000000.0,0.66,1195272520
조세윤,남성,60대 후반,경상남도 창원시,신규,세단,3,0,1,20630000,61890000,20630000.0,0.59,1195272520
이예빈,여성,60대 후반,부산광역시,VIP,해치백,5,1,1,24950000,124750000,24950000.0,0.96,3360994560
양지율,남성,60대 후반,부산광역시,일반,SUV,5,1,0,42470000,212350000,42470000.0,0.76,3360994560
조세윤,여성,60대 후반,부산광역시,신규,세단,5,0,1,60550000,302750000,60550000.0,0.6,3360994560
김준서,남성,60대 후반,부산광역시,신규,해치백,5,0,1,42340000,211700000,42340000.0,0.75,3360994560
서이안,남성,60대 후반,부산광역시,신규,SUV,5,1,1,50560000,252800000,50560000.0,0.81,3360994560
배서아,여성,20대 초반,경기도 수원시,신규,SUV,5,1,0,35410000,177050000,35410000.0,0.21,6543998000
임하늘,여성,20대 초반,경기도 수원시,신규,해치백,5,1,0,25160000,125800000,25160000.0,0.65,6543998000
최채원,남성,20대 초반,경기도 수원시,VIP,SUV,5,0,1,22750000,113750000,22750000.0,0.66,6543998000
조세윤,여성,20대 초반,경기도 수원시,신규,SUV,5,0,1,34810000,174050000,34810000.0,0.38,6543998000
최채원,남성,20대 초반,경기도 수원시,일반,해치백,5,0,1,56170000,280850000,56170000.0,0.57,6543998000
홍남호,남성,50대 초반,전라북도 전주시,VIP,해치백,5,1,1,29840000,149200000,29840000.0,0.12,1800263450
신수빈,여성,50대 초반,전라북도 전주시,일반,세단,5,0,1,39330000,196650000,39330000.0,0.94,1800263450
유민성,남성,50대 초반,전라북도 전주시,VIP,해치백,5,0,1,67250000,336250000,67250000.0,0.75,1800263450
한남호,남성,50대 초반,전라북도 전주시,일반,SUV,5,1,0,17000000,85000000,17000000.0,0.59,1800263450
김준서,여성,50대 초반,전라북도 전주시,신규,해치백,5,0,1,15640000,78200000,15640000.0,0.36,1800263450
최채원,남성,40대 초반,광주광역시,VIP,SUV,5,1,0,22690000,113450000,22690000.0,0.41,5346235440
정지후,여성,40대 초반,광주광역시,신규,세단,5,0,0,67760000,338800000,67760000.0,0.85,5346235440
임하늘,남성,40대 초반,광주광역시,일반,SUV,5,0,0,16890000,84450000,16890000.0,0.31,5346235440
강민준,여성,40대 초반,광주광역시,일반,세단,5,1,0,59880000,299400000,59880000.0,0.5,5346235440
한남호,남성,40대 초반,광주광역시,VIP,세단,5,0,1,38910000,194550000,38910000.0,0.48,5346235440
조세윤,남성,40대 후반,충청남도 천안시,VIP,세단,3,1,1,25210000,75630000,25210000.0,0.46,952867890
최채원,여성,40대 후반,충청남도 천안시,일반,해치백,3,0,0,21000000,63000000,21000000.0,0.34,952867890
최채원,남성,40대 후반,충청남도 천안시,신규,해치백,3,0,1,23700000,71100000,23700000.0,0.21,952867890
임하늘,여성,70대 초반,경상북도 포항시,신규,세단,2,0,0,23600000,47200000,23600000.0,0.81,994792880
한남호,남성,70대 초반,경상북도 포항시,VIP,SUV,2,0,1,54930000,109860000,54930000.0,0.45,994792880
송은우,남성,20대 중반,서울특별시,신규,SUV,1,1,0,29840000,29840000,29840000.0,0.54,438311680
양지율,여성,40대 중반,광주광역시,신규,해치백,2,1,1,49610000,99220000,49610000.0,0.71,2278709100
양지율,여성,40대 중반,광주광역시,VIP,SUV,2,1,1,66910000,133820000,66910000.0,0.64,2278709100
서이안,남성,50대 중반,경기도 성남시,신규,해치백,3,1,0,21000000,63000000,21000000.0,0.86,2284792200
윤태윤,여성,50대 중반,경기도 성남시,일반,해치백,3,0,1,27670000,83010000,27670000.0,0.57,2284792200
구하람,여성,50대 중반,경기도 성남시,VIP,세단,3,0,1,60550000,181650000,60550000.0,0.49,2284792200
박현우,여성,60대 중반,서울특별시,신규,SUV,2,1,1,40560000,81120000,40560000.0,0.65,2685458720
백시우,여성,60대 중반,서울특별시,신규,세단,2,0,1,30700000,61400000,30700000.0,0.68,2685458720
최채원,여성,60대 초반,서울특별시,신규,해치백,5,0,0,39350000,196750000,39350000.0,0.76,2682643860
김준서,남성,60대 초반,서울특별시,신규,해치백,5,0,1,30280000,151400000,30280000.0,0.1,2682643860
윤태윤,여성,60대 초반,서울특별시,VIP,SUV,5,0,1,41950000,209750000,41950000.0,0.73,2682643860
배서아,여성,60대 초반,서울특별시,신규,해치백,5,0,1,64110000,320550000,64110000.0,0.83,2682643860
구하람,여성,60대 초반,서울특별시,VIP,세단,5,1,1,42310000,211550000,42310000.0,0.64,2682643860
오성민,남성,20대 후반,충청북도 청주시,신규,세단,3,0,0,67760000,203280000,67760000.0,0.88,3990889680
전남호,남성,20대 후반,충청북도 청주시,일반,해치백,3,1,1,35270000,105810000,35270000.0,0.41,3990889680
신수빈,남성,20대 후반,충청북도 청주시,일반,SUV,3,1,0,53400000,160200000,53400000.0,0.38,3990889680
구하람,남성,20대 중반,인천광역시,일반,SUV,3,1,0,39350000,118050000,39350000.0,0.38,1557498720
임하늘,남성,20대 중반,인천광역시,신규,SUV,3,1,1,27670000,83010000,27670000.0,0.39,1557498720
배서아,여성,20대 중반,인천광역시,신규,SUV,3,1,1,29950000,89850000,29950000.0,0.11,1557498720
윤태윤,여성,30대 중반,경상북도 포항시,VIP,해치백,2,0,0,62980000,125960000,62980000.0,0.39,1113171220
강민준,여성,30대 중반,경상북도 포항시,신규,SUV,2,0,0,45050000,90100000,45050000.0,0.98,1113171220
최채원,여성,50대 초반,광주광역시,신규,SUV,4,0,1,42470000,169880000,42470000.0,0.36,5163151160
이예빈,남성,50대 초반,광주광역시,VIP,세단,4,1,1,48420000,193680000,48420000.0,0.41,5163151160
유민성,여성,50대 초반,광주광역시,일반,SUV,4,1,0,23780000,95120000,23780000.0,0.79,5163151160
조세윤,여성,50대 초반,광주광역시,VIP,세단,4,1,0,51450000,205800000,51450000.0,0.58,5163151160
정지후,남성,60대 중반,충청북도 청주시,신규,해치백,5,0,1,44040000,220200000,44040000.0,0.76,7109869710
송은우,남성,60대 중반,충청북도 청주시,신규,해치백,5,1,1,63590000,317950000,63590000.0,0.91,7109869710
전남호,남성,60대 중반,충청북도 청주시,신규,SUV,5,0,0,31850000,159250000,31850000.0,0.35,7109869710
홍남호,여성,60대 중반,충청북도 청주시,신규,SUV,5,0,1,18910000,94550000,18910000.0,0.31,7109869710
정지후,여성,60대 중반,충청북도 청주시,일반,해치백,5,1,1,18370000,91850000,18370000.0,0.59,7109869710
이예빈,여성,60대 후반,경상북도 포항시,신규,해치백,4,0,0,46040000,184160000,46040000.0,0.44,2438829040
전남호,남성,60대 후반,경상북도 포항시,신규,SUV,4,1,1,20630000,82520000,20630000.0,0.54,2438829040
백시우,남성,60대 후반,경상북도 포항시,일반,세단,4,0,1,65510000,262040000,65510000.0,0.8,2438829040
강민준,여성,60대 후반,경상북도 포항시,일반,해치백,4,0,0,40580000,162320000,40580000.0,0.61,2438829040
조세윤,남성,40대 후반,대전광역시,일반,해치백,2,1,1,30000000,60000000,30000000.0,0.66,620068050
양지율,남성,40대 후반,대전광역시,VIP,해치백,2,1,0,30850000,61700000,30850000.0,0.56,620068050
문재윤,남성,50대 초반,서울특별시,일반,세단,4,0,0,16610000,66440000,16610000.0,0.6,5925400000
백시우,남성,50대 초반,서울특별시,VIP,SUV,4,1,1,23700000,94800000,23700000.0,0.29,5925400000
유민성,남성,50대 초반,서울특별시,VIP,해치백,4,1,0,41900000,167600000,41900000.0,0.59,5925400000
이예빈,남성,50대 초반,서울특별시,신규,SUV,4,1,0,25280000,101120000,25280000.0,0.31,5925400000
이예빈,남성,40대 중반,광주광역시,VIP,세단,1,0,0,65510000,65510000,65510000.0,0.34,1454173580
구하람,남성,40대 초반,대구광역시,VIP,세단,4,1,1,53400000,213600000,53400000.0,0.89,2040247100
구하람,남성,40대 초반,대구광역시,신규,SUV,4,1,1,46520000,186080000,46520000.0,0.51,2040247100
신수빈,여성,40대 초반,대구광역시,VIP,세단,4,0,0,42470000,169880000,42470000.0,0.99,2040247100
신수빈,남성,40대 초반,대구광역시,일반,해치백,4,1,0,59260000,237040000,59260000.0,0.85,2040247100
서이안,남성,60대 후반,전라북도 전주시,일반,SUV,2,0,1,54430000,108860000,54430000.0,0.94,907252920
노성민,남성,60대 후반,전라북도 전주시,VIP,세단,2,1,1,53400000,106800000,53400000.0,0.59,907252920
양지율,남성,40대 후반,충청남도 천안시,일반,해치백,3,1,0,43240000,129720000,43240000.0,0.6,1063859600
이예빈,여성,40대 후반,충청남도 천안시,일반,SUV,3,0,0,18790000,56370000,18790000.0,0.57,1063859600
전남호,남성,40대 후반,충청남도 천안시,일반,해치백,3,1,1,41120000,123360000,41120000.0,0.63,1063859600
홍남호,여성,50대 후반,경상남도 창원시,VIP,SUV,2,1,1,48420000,96840000,48420000.0,0.14,950938230
박현우,여성,50대 후반,경상남도 창원시,신규,해치백,2,0,0,50560000,101120000,50560000.0,0.32,950938230
신수빈,남성,40대 초반,대구광역시,일반,세단,2,0,1,41130000,82260000,41130000.0,0.59,1226832750
송은우,남성,40대 초반,대구광역시,신규,SUV,2,1,1,68340000,136680000,68340000.0,0.88,1226832750
전남호,여성,60대 중반,전라남도 목포시,VIP,세단,5,1,1,68900000,344500000,68900000.0,0.18,1863393840
송은우,남성,60대 중반,전라남도 목포시,VIP,해치백,5,0,0,50610000,253050000,50610000.0,0.93,1863393840
홍남호,남성,60대 중반,전라남도 목포시,일반,해치백,5,1,1,59880000,299400000,59880000.0,0.46,1863393840
홍남호,남성,60대 중반,전라남도 목포시,일반,SUV,5,0,1,46040000,230200000,46040000.0,0.26,1863393840
홍남호,여성,60대 중반,전라남도 목포시,일반,SUV,5,1,1,63870000,319350000,63870000.0,0.95,1863393840
