이름,성별,현재 나이,연령대,연락처,거주 지역,구매연도,구매월,차량 구매 횟수,고객 평생 가치,브랜드,모델명,트림명,기본가격,공장명,실구매여부
강주온,남,23,20대 중반,010-5939-5376,인천광역시,2017,7,1,779930,현대,캐스퍼,프리미엄,23630000,앨라배마공장,1
김경수,남,42,40대 초반,010-9014-3902,광주광역시,2020,4,5,23907120,현대,아이오닉9,익스클루시브,68340000,인도공장,1
김경수,남,42,40대 초반,010-3234-6055,광주광역시,2016,11,5,23907120,현대,그랜저,프리미엄,69630000,앨라배마공장,1
김경수,남,42,40대 초반,010-7781-8807,광주광역시,2020,8,5,23907120,현대,투싼,Modern,18910000,브라질공장,1
김경수,남,42,40대 초반,010-1577-4165,광주광역시,2016,5,5,23907120,현대,아이오닉6,E-Lite,52720000,인도네시아공장,1
김경수,남,42,40대 초반,010-8470-8574,광주광역시,2021,7,5,23907120,현대,그랜저,프리미엄,63870000,전주공장,1
김다은,여,26,20대 중반,010-2487-4457,부산광역시,2019,10,1,3442560,현대,펠리세이드,Exclusive,42340000,인도공장,1
김민수,남,65,60대 중반,010-7005-7833,전라남도 목포시,2021,3,1,1793050,제네시스,G80,기본,69860000,체코공장,1
김승현,남,55,50대 중반,010-1760-8316,경기도 수원시,2024,7,1,1618320,현대,아반떼,Smart,41900000,앨라배마공장,1
김영철,남,66,60대 중반,010-7377-1466,울산광역시,2019,11,1,1707140,현대,쏘나타,Premium,23040000,중국공장,1
김윤희,여,27,20대 후반,010-2971-5159,경기도 수원시,2024,11,1,9762120,현대,스타리아,Modern,19740000,중국공장,1
김진수,남,45,40대 중반,010-4938-1064,인천광역시,2021,8,1,7273000,제네시스,G80,기본,21000000,울산공장,1
박민정,여,48,40대 후반,010-7800-4936,서울특별시,2025,5,1,1417940,현대,쏘나타,Premium,51450000,인도네시아공장,1
박수연,여,35,30대 중반,010-9131-3217,경상남도 창원시,2022,4,5,59155980,제네시스,G90,기본,24950000,전주공장,1
박수연,여,35,30대 중반,010-6608-3737,경상남도 창원시,2019,8,5,59155980,제네시스,G70,SHOOTINGBRAKE,62980000,아산공장,1
박수연,여,35,30대 중반,010-8021-2273,경상남도 창원시,2022,8,5,59155980,현대,그랜저,프리미엄,18790000,전주공장,1
박수연,여,35,30대 중반,010-9013-6407,경상남도 창원시,2018,3,5,59155980,제네시스,G80,기본,39350000,인도공장,1
박수연,여,35,30대 중반,010-9084-8863,경상남도 창원시,2023,6,5,59155980,현대,스타리아,Modern,16890000,앨라배마공장,1
박영희,여,37,30대 후반,010-7960-8649,전라북도 전주시,2016,5,2,2339680,현대,아이오닉6,E-Lite,23600000,인도공장,1
박영희,여,37,30대 후반,010-5166-7205,전라북도 전주시,2019,2,2,2339680,현대,스타리아,Modern,24750000,앨라배마공장,1
박준석,남,28,20대 후반,010-6221-1802,충청북도 청주시,2022,8,1,789590,제네시스,G80,기본,41120000,중국공장,1
박지수,여,29,20대 후반,010-6704-2722,광주광역시,2019,12,2,22925760,제네시스,G80,기본,38630000,인도네시아공장,1
박지수,여,29,20대 후반,010-6617-5834,광주광역시,2018,6,2,22925760,제네시스,G70,SHOOTINGBRAKE,67250000,인도공장,1
박찬우,남,45,40대 중반,010-3350-7431,경기도 성남시,2024,2,3,3404660,현대,투싼,Modern,50610000,중국공장,1
박찬우,남,45,40대 중반,010-6034-8036,경기도 성남시,2022,12,3,3404660,현대,그랜저,프리미엄,19920000,튀르키예공장,1
박찬우,남,45,40대 중반,010-4811-5159,경기도 성남시,2019,5,3,3404660,제네시스,GV70,EV,30850000,싱가포르공장,1
이동훈,남,40,40대 초반,010-1608-9117,울산광역시,2019,1,1,6288100,제네시스,G90,기본,16610000,브라질공장,1
이상미,여,59,50대 후반,010-7578-5668,경상남도 창원시,2019,12,1,19289940,현대,그랜저,프리미엄,18790000,전주공장,1
이상훈,남,51,50대 초반,010-7928-1101,서울특별시,2016,10,1,4451150,현대,아이오닉9,익스클루시브,16300000,인도공장,1
이상희,남,53,50대 중반,010-8387-5677,경상북도 포항시,2022,6,1,2135600,제네시스,G90,기본,16610000,브라질공장,1
이은지,남,37,30대 후반,010-8279-3461,부산광역시,2016,12,1,9063600,제네시스,G90,기본,64110000,울산공장,1
이정민,남,41,40대 초반,010-6757-8301,경기도 성남시,2019,9,1,5693460,제네시스,G70,SHOOTINGBRAKE,41130000,인도공장,1
이주호,남,38,30대 후반,010-1068-2381,서울특별시,2023,1,5,232663600,현대,투싼,Modern,35270000,체코공장,1
이주호,남,38,30대 후반,010-3634-1734,서울특별시,2020,11,5,232663600,현대,베뉴,프리미엄,59880000,울산공장,1
이주호,남,38,30대 후반,010-4517-7197,서울특별시,2016,11,5,232663600,현대,투싼,Modern,18910000,브라질공장,1
이주호,남,38,30대 후반,010-4727-4881,서울특별시,2024,10,5,232663600,현대,캐스퍼,프리미엄,66160000,울산공장,1
이주호,남,38,30대 후반,010-3676-7540,서울특별시,2017,12,5,232663600,현대,투싼,Modern,18910000,브라질공장,1
이하늘,남,36,30대 중반,010-9505-2538,광주광역시,2017,12,3,56667240,현대,아이오닉5,E-Value+,65510000,울산공장,1
이하늘,남,36,30대 중반,010-4724-3947,광주광역시,2023,3,3,56667240,제네시스,GV80,기본,25160000,울산공장,1
이하늘,남,36,30대 중반,010-9912-9403,광주광역시,2023,12,3,56667240,현대,스타리아,Modern,56170000,튀르키예공장,1
이현주,여,53,50대 중반,010-9662-4060,전라북도 전주시,2016,7,2,16866700,제네시스,GV80,기본,18370000,앨라배마공장,1
이현주,여,53,50대 중반,010-5563-3272,전라북도 전주시,2021,4,2,16866700,현대,쏘나타,Premium,63750000,튀르키예공장,1
정미래,여,54,50대 중반,010-6295-7502,경기도 성남시,2019,9,2,25110480,제네시스,G90,기본,34810000,전주공장,1
정미래,여,54,50대 중반,010-9796-2728,경기도 성남시,2022,3,2,25110480,현대,캐스퍼,프리미엄,23630000,앨라배마공장,1
정미선,남,50,50대 초반,010-8316-8046,충청북도 청주시,2023,5,1,3707500,현대,그랜저,프리미엄,63590000,튀르키예공장,1
정상훈,남,29,20대 후반,010-3148-6246,경상북도 포항시,2023,3,1,9005100,제네시스,G80,기본,28630000,튀르키예공장,1
정영철,남,40,40대 초반,010-8610-8819,서울특별시,2020,7,1,1801800,현대,그랜저,프리미엄,18790000,전주공장,1
정은혜,여,24,20대 중반,010-6118-2701,강원도 강릉시,2018,5,1,60432340,제네시스,GV70,EV,45730000,앨라배마공장,1
정지우,남,42,40대 초반,010-2424-6833,경기도 수원시,2020,9,1,14854000,제네시스,G90,기본,24950000,전주공장,1
정태수,남,63,60대 중반,010-1625-2359,서울특별시,2017,7,1,82526840,제네시스,GV60,기본,15340000,체코공장,1
정하윤,여,26,20대 중반,010-6787-1735,충청남도 천안시,2023,2,2,583240,현대,그랜저,프리미엄,53840000,전주공장,1
정하윤,여,26,20대 중반,010-1775-8879,충청남도 천안시,2021,4,2,583240,제네시스,G80,기본,35610000,인도네시아공장,1
최강호,남,33,30대 중반,010-8163-3060,울산광역시,2023,9,1,19609800,현대,펠리세이드,Exclusive,45050000,중국공장,1
최민우,남,48,40대 후반,010-6391-5365,경기도 성남시,2020,12,1,23919180,현대,투싼,Modern,18910000,브라질공장,1
최영호,남,59,50대 후반,010-8094-8485,경기도 성남시,2016,2,1,33400500,현대,아이오닉9,익스클루시브,46710000,튀르키예공장,1
최지훈,남,47,40대 후반,010-5959-6775,충청남도 천안시,2021,10,1,1063530,현대,투싼,Modern,41950000,아산공장,1
한서희,여,50,50대 초반,010-4369-9596,강원도 원주시,2023,9,1,120375450,현대,쏘나타,Premium,46040000,인도네시아공장,1
한예빈,여,28,20대 후반,010-9543-4533,충청북도 청주시,2016,10,1,9450400,제네시스,G90,기본,57970000,울산공장,1
홍상훈,남,31,30대 초반,010-2386-6450,부산광역시,2019,5,1,12571800,현대,아이오닉9,익스클루시브,59260000,브라질공장,1
홍성우,남,26,20대 중반,010-4532-8912,울산광역시,2018,2,2,65438010,현대,아이오닉6,E-Lite,67260000,인도공장,1
홍성우,남,26,20대 중반,010-1355-1044,울산광역시,2024,4,2,65438010,현대,그랜저,프리미엄,25760000,전주공장,1
홍수진,남,55,50대 중반,010-8010-3176,인천광역시,2024,12,1,15768270,현대,스타리아,Modern,19740000,중국공장,1
홍지민,남,45,40대 중반,010-4152-8361,경상북도 포항시,2017,12,1,19548850,제네시스,G70,SHOOTINGBRAKE,62980000,아산공장,1
김하윤,남,65,60대 중반,010-6725-9810,부산광역시,2024,7,2,40145900,제네시스,G80,기본,38630000,인도네시아공장,1
김하윤,남,65,60대 중반,010-1720-2233,부산광역시,2021,12,2,40145900,현대,쏘나타,Premium,30700000,울산공장,1
이지원,여,66,60대 중반,010-7417-7823,경기도 수원시,2023,8,1,26302080,현대,아이오닉9,익스클루시브,44190000,울산공장,1
박미영,남,45,40대 중반,010-8637-8653,충청남도 천안시,2025,3,1,10435320,제네시스,G80,기본,38630000,인도네시아공장,1
이정수,남,29,20대 후반,010-9925-5146,울산광역시,2020,1,5,225350960,현대,펠리세이드,Exclusive,33990000,인도네시아공장,1
이정수,남,29,20대 후반,010-1668-2720,울산광역시,2019,4,5,225350960,현대,펠리세이드,Exclusive,43880000,체코공장,1
이정수,남,29,20대 후반,010-1001-7319,울산광역시,2018,2,5,225350960,현대,아이오닉5,E-Value+,22690000,앨라배마공장,1
이정수,남,29,20대 후반,010-8115-3757,울산광역시,2025,8,5,225350960,현대,펠리세이드,Exclusive,21460000,중국공장,1
이정수,남,29,20대 후반,010-4422-2087,울산광역시,2022,4,5,225350960,현대,그랜저,프리미엄,54930000,체코공장,1
최현지,남,31,30대 초반,010-8366-4290,대구광역시,2021,2,1,853680,제네시스,G70,SHOOTINGBRAKE,53430000,울산공장,1
김도현,남,38,30대 후반,010-1958-6796,경상북도 포항시,2025,6,4,158326860,제네시스,G80,기본,39350000,인도공장,1
김도현,남,38,30대 후반,010-4334-7895,경상북도 포항시,2017,6,4,158326860,현대,쏘나타,Premium,17000000,울산공장,1
김도현,남,38,30대 후반,010-2233-2904,경상북도 포항시,2021,10,4,158326860,현대,아반떼,Smart,59930000,울산공장,1
김도현,남,38,30대 후반,010-5193-3033,경상북도 포항시,2023,4,4,158326860,현대,스타리아,Modern,60550000,앨라배마공장,1
송성민,여,49,40대 후반,010-3936-5709,경기도 성남시,2024,6,4,233523340,현대,쏘나타,Premium,45990000,울산공장,1
송성민,여,49,40대 후반,010-3412-2188,경기도 성남시,2017,2,4,233523340,제네시스,GV80,기본,52980000,체코공장,1
송성민,여,49,40대 후반,010-1863-3471,경기도 성남시,2025,10,4,233523340,제네시스,G80,기본,21000000,울산공장,1
송성민,여,49,40대 후반,010-6513-1124,경기도 성남시,2016,12,4,233523340,현대,쏘나타,Premium,30700000,울산공장,1
김민지,남,27,20대 후반,010-6367-3256,경상북도 포항시,2019,2,2,104216250,현대,베뉴,프리미엄,23700000,튀르키예공장,1
김민지,남,27,20대 후반,010-2804-6719,경상북도 포항시,2018,10,2,104216250,현대,스타리아,Modern,44040000,전주공장,1
이성현,남,51,50대 초반,010-1508-4279,강원도 강릉시,2022,4,1,62330250,현대,펠리세이드,Exclusive,61580000,아산공장,1
박주원,남,69,60대 후반,010-1135-7356,인천광역시,2019,8,5,119386350,제네시스,G80,기본,35410000,중국공장,1
박주원,남,69,60대 후반,010-8116-9229,인천광역시,2025,7,5,119386350,현대,아이오닉5,E-Value+,22690000,앨라배마공장,1
박주원,남,69,60대 후반,010-3187-7810,인천광역시,2022,12,5,119386350,제네시스,G70,SHOOTINGBRAKE,41130000,인도공장,1
박주원,남,69,60대 후반,010-1257-4543,인천광역시,2019,9,5,119386350,현대,스타리아,Modern,60550000,앨라배마공장,1
박주원,남,69,60대 후반,010-5717-5159,인천광역시,2021,8,5,119386350,현대,아이오닉5,E-Value+,65510000,울산공장,1
김민석,여,45,40대 중반,010-7787-7488,경기도 수원시,2018,5,2,74441110,현대,펠리세이드,Exclusive,42340000,인도공장,1
김민석,여,45,40대 중반,010-9603-1514,경기도 수원시,2019,2,2,74441110,제네시스,G90,기본,48420000,싱가포르공장,1
조영순,여,45,40대 중반,010-2705-6901,울산광역시,2016,5,2,155252840,현대,베뉴,프리미엄,59880000,울산공장,1
조영순,여,45,40대 중반,010-9610-4200,울산광역시,2024,8,2,155252840,현대,쏘나타,Premium,30700000,울산공장,1
김옥자,여,58,50대 후반,010-8493-4805,대전광역시,2022,10,1,837600,제네시스,G80,기본,43240000,아산공장,1
정지영,여,48,40대 후반,010-4529-7763,전라북도 전주시,2023,9,2,45124430,현대,스타리아,Modern,25820000,울산공장,1
정지영,여,48,40대 후반,010-1079-8052,전라북도 전주시,2019,12,2,45124430,현대,펠리세이드,Exclusive,45050000,중국공장,1
최성호,남,63,60대 중반,010-7445-8148,대구광역시,2024,12,5,18806760,현대,투싼,Modern,37780000,앨라배마공장,1
최성호,남,63,60대 중반,010-7343-5508,대구광역시,2017,12,5,18806760,현대,아이오닉6,E-Lite,68900000,싱가포르공장,1
최성호,남,63,60대 중반,010-1588-1469,대구광역시,2021,9,5,18806760,제네시스,G90,기본,64110000,울산공장,1
최성호,남,63,60대 중반,010-4049-1170,대구광역시,2022,1,5,18806760,현대,캐스퍼,프리미엄,66160000,울산공장,1
최성호,남,63,60대 중반,010-3878-4051,대구광역시,2016,9,5,18806760,현대,그랜저,프리미엄,19920000,튀르키예공장,1
서은정,여,20,20대 초반,010-1997-9812,서울특별시,2025,7,5,739692800,현대,그랜저,프리미엄,18790000,전주공장,1
서은정,여,20,20대 초반,010-7362-2988,서울특별시,2021,9,5,739692800,현대,그랜저,프리미엄,15640000,튀르키예공장,1
서은정,여,20,20대 초반,010-1758-2264,서울특별시,2020,8,5,739692800,현대,아이오닉6,E-Lite,19660000,아산공장,1
서은정,여,20,20대 초반,010-6110-6252,서울특별시,2022,1,5,739692800,현대,그랜저,프리미엄,40680000,중국공장,1
서은정,여,20,20대 초반,010-3096-2540,서울특별시,2023,12,5,739692800,현대,쏘나타,Premium,17000000,울산공장,1
구도현,남,40,40대 초반,010-6019-7725,대전광역시,2025,8,2,19621940,제네시스,G90,기본,57970000,울산공장,1
구도현,남,40,40대 초반,010-6957-2414,대전광역시,2019,8,2,19621940,현대,펠리세이드,Exclusive,30280000,앨라배마공장,1
안민수,남,60,60대 초반,010-7383-2420,충청남도 천안시,2024,11,1,25419240,제네시스,G70,SHOOTINGBRAKE,30000000,전주공장,1
남예진,남,53,50대 중반,010-2364-4986,대구광역시,2018,3,1,8837290,제네시스,G80,기본,29780000,브라질공장,1
엄재현,남,26,20대 중반,010-7048-7961,충청남도 천안시,2023,1,1,47520920,현대,펠리세이드,Exclusive,53900000,전주공장,1
서미정,여,64,60대 중반,010-3359-4658,대구광역시,2018,8,3,51476510,현대,펠리세이드,Exclusive,61580000,아산공장,1
서미정,여,64,60대 중반,010-8355-1986,대구광역시,2021,3,3,51476510,현대,그랜저,프리미엄,23780000,앨라배마공장,1
서미정,여,64,60대 중반,010-3258-3520,대구광역시,2021,3,3,51476510,현대,아반떼,Smart,65560000,전주공장,1
김상훈,남,71,70대 초반,010-5648-3274,충청남도 천안시,2017,1,4,267571500,현대,아이오닉6,E-Lite,19660000,아산공장,1
김상훈,남,71,70대 초반,010-4066-1007,충청남도 천안시,2022,11,4,267571500,제네시스,G80,기본,28630000,튀르키예공장,1
김상훈,남,71,70대 초반,010-5412-6527,충청남도 천안시,2017,5,4,267571500,현대,캐스퍼,프리미엄,23630000,앨라배마공장,1
김상훈,남,71,70대 초반,010-1566-9393,충청남도 천안시,2025,10,4,267571500,현대,아반떼,Smart,53400000,싱가포르공장,1
김정수,여,23,20대 중반,010-9193-7715,전라북도 전주시,2017,7,4,132918100,현대,투싼,Modern,37780000,앨라배마공장,1
김정수,여,23,20대 중반,010-7456-5062,전라북도 전주시,2023,10,4,132918100,제네시스,G80,기본,21000000,울산공장,1
김정수,여,23,20대 중반,010-1554-8865,전라북도 전주시,2016,9,4,132918100,현대,아반떼,Smart,59930000,울산공장,1
김정수,여,23,20대 중반,010-6653-4088,전라북도 전주시,2023,12,4,132918100,현대,아반떼,Smart,41900000,앨라배마공장,1
김미경,남,41,40대 초반,010-5535-6091,경기도 수원시,2024,7,2,108680080,현대,아반떼,Smart,65560000,전주공장,1
김미경,남,41,40대 초반,010-1812-9336,경기도 수원시,2023,9,2,108680080,현대,스타리아,Modern,60550000,앨라배마공장,1
김은영,여,47,40대 후반,010-7101-8790,충청북도 청주시,2020,8,3,87095400,현대,스타리아,Modern,19740000,중국공장,1
김은영,여,47,40대 후반,010-7618-1427,충청북도 청주시,2017,12,3,87095400,현대,아이오닉9,익스클루시브,59260000,브라질공장,1
김은영,여,47,40대 후반,010-9417-3046,충청북도 청주시,2021,2,3,87095400,현대,아이오닉5,E-Value+,22690000,앨라배마공장,1
진아름,여,24,20대 중반,010-2687-8501,부산광역시,2025,1,4,129837440,현대,아이오닉9,익스클루시브,49440000,아산공장,1
진아름,여,24,20대 중반,010-3798-4203,부산광역시,2020,7,4,129837440,현대,아반떼,Smart,20020000,튀르키예공장,1
진아름,여,24,20대 중반,010-6175-1366,부산광역시,2024,7,4,129837440,현대,아반떼,Smart,25280000,인도네시아공장,1
진아름,여,24,20대 중반,010-3816-9588,부산광역시,2016,8,4,129837440,현대,베뉴,프리미엄,59880000,울산공장,1
손병철,남,50,50대 초반,010-6422-6291,서울특별시,2020,5,2,393492330,제네시스,G70,SHOOTINGBRAKE,62980000,아산공장,1
손병철,남,50,50대 초반,010-6845-4431,서울특별시,2024,3,2,393492330,제네시스,G80,기본,35610000,인도네시아공장,1
윤경희,남,52,50대 초반,010-3814-8879,경상남도 창원시,2021,12,5,155319720,현대,그랜저,프리미엄,67760000,브라질공장,1
윤경희,남,52,50대 초반,010-6455-8850,경상남도 창원시,2024,8,5,155319720,현대,펠리세이드,Exclusive,33990000,인도네시아공장,1
윤경희,남,52,50대 초반,010-9277-4979,경상남도 창원시,2023,6,5,155319720,제네시스,G70,SHOOTINGBRAKE,41130000,인도공장,1
윤경희,남,52,50대 초반,010-4052-2251,경상남도 창원시,2019,11,5,155319720,제네시스,G80,기본,17410000,인도공장,1
윤경희,남,52,50대 초반,010-7801-9485,경상남도 창원시,2019,3,5,155319720,현대,아이오닉5,E-Value+,65510000,울산공장,1
이정자,여,21,20대 초반,010-1373-5456,충청남도 천안시,2016,1,5,425944750,현대,투싼,Modern,29950000,튀르키예공장,1
이정자,여,21,20대 초반,010-4128-8006,충청남도 천안시,2025,3,5,425944750,제네시스,GV60,기본,15340000,체코공장,1
이정자,여,21,20대 초반,010-3362-3079,충청남도 천안시,2019,5,5,425944750,현대,그랜저,프리미엄,18790000,전주공장,1
이정자,여,21,20대 초반,010-7680-5182,충청남도 천안시,2025,3,5,425944750,제네시스,G70,SHOOTINGBRAKE,67250000,인도공장,1
이정자,여,21,20대 초반,010-4504-9801,충청남도 천안시,2021,1,5,425944750,제네시스,G80,기본,35610000,인도네시아공장,1
김현준,남,68,60대 후반,010-2146-3779,대구광역시,2018,5,4,104484870,현대,쏘나타,Premium,17000000,울산공장,1
김현준,남,68,60대 후반,010-5986-9459,대구광역시,2016,10,4,104484870,현대,아반떼,Smart,41900000,앨라배마공장,1
김현준,남,68,60대 후반,010-4011-9497,대구광역시,2022,7,4,104484870,현대,펠리세이드,Exclusive,33990000,인도네시아공장,1
김현준,남,68,60대 후반,010-5584-5569,대구광역시,2024,7,4,104484870,현대,아이오닉9,익스클루시브,46710000,튀르키예공장,1
최채원,남,67,60대 후반,010-9056-6571,경상북도 포항시,2023,11,3,269764560,제네시스,G90,기본,48420000,싱가포르공장,1
최채원,남,67,60대 후반,010-8196-3571,경상북도 포항시,2025,9,3,269764560,제네시스,G90,기본,64110000,울산공장,1
최채원,남,67,60대 후반,010-7819-4779,경상북도 포항시,2019,10,3,269764560,현대,아이오닉6,E-Lite,68900000,싱가포르공장,1
최정호,남,38,30대 후반,010-8512-7403,부산광역시,2022,10,3,138270020,제네시스,GV70,EV,54430000,울산공장,1
최정호,남,38,30대 후반,010-3352-1376,부산광역시,2017,12,3,138270020,현대,펠리세이드,Exclusive,45050000,중국공장,1
최정호,남,38,30대 후반,010-9325-7848,부산광역시,2018,3,3,138270020,현대,아이오닉6,E-Lite,19660000,아산공장,1
김지훈,남,50,50대 초반,010-3126-9390,전라북도 전주시,2019,7,1,49669860,현대,그랜저,프리미엄,25760000,전주공장,1
장정식,남,40,40대 초반,010-7966-8499,경기도 수원시,2017,1,5,348805800,제네시스,GV70,EV,49610000,아산공장,1
장정식,남,40,40대 초반,010-5758-2514,경기도 수원시,2019,4,5,348805800,현대,펠리세이드,Exclusive,53900000,전주공장,1
장정식,남,40,40대 초반,010-4837-9979,경기도 수원시,2018,4,5,348805800,현대,아반떼,Smart,65560000,전주공장,1
장정식,남,40,40대 초반,010-4137-6224,경기도 수원시,2020,5,5,348805800,현대,베뉴,프리미엄,59880000,울산공장,1
장정식,남,40,40대 초반,010-5864-1095,경기도 수원시,2024,7,5,348805800,현대,스타리아,Modern,63430000,앨라배마공장,1
심성호,여,55,50대 중반,010-6552-5226,대전광역시,2017,7,3,73246250,제네시스,G80,기본,39350000,인도공장,1
심성호,여,55,50대 중반,010-1078-6863,대전광역시,2025,11,3,73246250,현대,아이오닉5,E-Value+,65510000,울산공장,1
심성호,여,55,50대 중반,010-7927-8794,대전광역시,2022,4,3,73246250,제네시스,G70,SHOOTINGBRAKE,41130000,인도공장,1
안경수,남,48,40대 후반,010-1292-3759,대구광역시,2021,7,2,96506130,현대,투싼,Modern,18910000,브라질공장,1
안경수,남,48,40대 후반,010-5900-5126,대구광역시,2018,11,2,96506130,현대,펠리세이드,Exclusive,53900000,전주공장,1
황민재,남,62,60대 초반,010-2568-6968,전라남도 목포시,2024,3,3,15462720,현대,스타리아,Modern,33060000,싱가포르공장,1
황민재,남,62,60대 초반,010-8388-8024,전라남도 목포시,2016,6,3,15462720,현대,쏘나타,Premium,63750000,튀르키예공장,1
황민재,남,62,60대 초반,010-2901-1821,전라남도 목포시,2022,12,3,15462720,현대,펠리세이드,Exclusive,61580000,아산공장,1
김혜진,남,28,20대 후반,010-1785-4644,서울특별시,2023,2,1,267537500,현대,투싼,Modern,67480000,브라질공장,1
김서준,남,71,70대 초반,010-5034-7182,경상남도 창원시,2017,10,2,125054970,현대,캐스퍼,프리미엄,20630000,체코공장,1
김서준,남,71,70대 초반,010-9266-6838,경상남도 창원시,2022,9,2,125054970,제네시스,G90,기본,16610000,브라질공장,1
강서영,여,31,30대 초반,010-3123-3611,제주특별자치도,2016,5,2,662985180,현대,투싼,Modern,67480000,브라질공장,1
강서영,여,31,30대 초반,010-3753-2196,제주특별자치도,2024,6,2,662985180,현대,아반떼,Smart,59930000,울산공장,1
김지원,남,67,60대 후반,010-8731-9574,광주광역시,2019,12,5,155305240,제네시스,G70,SHOOTINGBRAKE,53430000,울산공장,1
김지원,남,67,60대 후반,010-1279-4092,광주광역시,2016,12,5,155305240,현대,아이오닉9,익스클루시브,16300000,인도공장,1
김지원,남,67,60대 후반,010-5903-8681,광주광역시,2017,12,5,155305240,제네시스,G80,기본,35610000,인도네시아공장,1
김지원,남,67,60대 후반,010-5999-2504,광주광역시,2020,12,5,155305240,제네시스,GV60,기본,15340000,체코공장,1
김지원,남,67,60대 후반,010-8819-3551,광주광역시,2020,4,5,155305240,현대,캐스퍼,프리미엄,42900000,브라질공장,1
구영자,여,53,50대 중반,010-7856-1386,서울특별시,2017,11,5,29778980,현대,아이오닉6,E-Lite,52720000,인도네시아공장,1
구영자,여,53,50대 중반,010-4035-9855,서울특별시,2021,10,5,29778980,현대,스타리아,Modern,25820000,울산공장,1
구영자,여,53,50대 중반,010-8704-4501,서울특별시,2025,7,5,29778980,현대,아이오닉9,익스클루시브,68340000,인도공장,1
구영자,여,53,50대 중반,010-1869-2168,서울특별시,2016,12,5,29778980,제네시스,G80,기본,17410000,인도공장,1
구영자,여,53,50대 중반,010-4397-2640,서울특별시,2022,9,5,29778980,제네시스,GV70,EV,49610000,아산공장,1
장숙자,여,48,40대 후반,010-5862-2767,울산광역시,2019,7,2,201768660,현대,펠리세이드,Exclusive,43880000,체코공장,1
장숙자,여,48,40대 후반,010-2331-9963,울산광역시,2020,1,2,201768660,현대,베뉴,프리미엄,59880000,울산공장,1
최순자,남,49,40대 후반,010-6593-8937,광주광역시,2016,1,2,121495950,제네시스,G80,기본,22750000,전주공장,1
최순자,남,49,40대 후반,010-1377-7483,광주광역시,2023,9,2,121495950,현대,아이오닉6,E-Lite,67260000,인도공장,1
류정숙,여,40,40대 초반,010-3038-4908,부산광역시,2018,11,2,163029090,현대,그랜저,프리미엄,63870000,전주공장,1
류정숙,여,40,40대 초반,010-9074-3593,부산광역시,2025,9,2,163029090,제네시스,G70,SHOOTINGBRAKE,53430000,울산공장,1
김영진,남,43,40대 중반,010-6396-6927,충청북도 청주시,2019,4,5,286416710,현대,캐스퍼,프리미엄,42900000,브라질공장,1
김영진,남,43,40대 중반,010-6845-8113,충청북도 청주시,2023,9,5,286416710,현대,아이오닉6,E-Lite,68900000,싱가포르공장,1
김영진,남,43,40대 중반,010-2866-9155,충청북도 청주시,2025,3,5,286416710,현대,투싼,Modern,18910000,브라질공장,1
김영진,남,43,40대 중반,010-2370-1990,충청북도 청주시,2019,7,5,286416710,현대,펠리세이드,Exclusive,45050000,중국공장,1
김영진,남,43,40대 중반,010-4745-9924,충청북도 청주시,2017,6,5,286416710,현대,투싼,Modern,35270000,체코공장,1
박옥자,남,28,20대 후반,010-4665-9500,광주광역시,2025,8,4,332207600,현대,스타리아,Modern,42470000,튀르키예공장,1
박옥자,남,28,20대 후반,010-5732-6953,광주광역시,2018,11,4,332207600,현대,쏘나타,Premium,42730000,인도네시아공장,1
박옥자,남,28,20대 후반,010-6343-9315,광주광역시,2024,9,4,332207600,현대,아이오닉9,익스클루시브,68340000,인도공장,1
박옥자,남,28,20대 후반,010-7510-4557,광주광역시,2025,5,4,332207600,현대,펠리세이드,Exclusive,43880000,체코공장,1
윤경숙,여,28,20대 후반,010-2258-9441,광주광역시,2019,1,4,510513900,현대,펠리세이드,Exclusive,61580000,아산공장,1
윤경숙,여,28,20대 후반,010-5544-8145,광주광역시,2019,3,4,510513900,제네시스,G90,기본,64110000,울산공장,1
윤경숙,여,28,20대 후반,010-9583-2349,광주광역시,2017,10,4,510513900,현대,스타리아,Modern,24750000,앨라배마공장,1
윤경숙,여,28,20대 후반,010-2009-7035,광주광역시,2016,12,4,510513900,제네시스,G80,기본,21000000,울산공장,1
김지영,남,54,50대 중반,010-8157-3415,울산광역시,2019,8,3,425423040,제네시스,G80,기본,69860000,체코공장,1
김지영,남,54,50대 중반,010-1879-7293,울산광역시,2023,11,3,425423040,현대,투싼,Modern,37780000,앨라배마공장,1
김지영,남,54,50대 중반,010-3364-1076,울산광역시,2023,6,3,425423040,현대,아반떼,Smart,25280000,인도네시아공장,1
이상현,여,69,60대 후반,010-2653-4513,서울특별시,2020,8,3,1131820980,제네시스,G80,기본,69860000,체코공장,1
이상현,여,69,60대 후반,010-5934-1246,서울특별시,2018,9,3,1131820980,현대,아이오닉9,익스클루시브,44190000,울산공장,1
이상현,여,69,60대 후반,010-7801-6024,서울특별시,2025,4,3,1131820980,현대,아이오닉6,E-Lite,67260000,인도공장,1
김하은,남,39,30대 후반,010-1172-2251,부산광역시,2016,1,5,506836920,현대,스타리아,Modern,42470000,튀르키예공장,1
김하은,남,39,30대 후반,010-3553-5276,부산광역시,2021,1,5,506836920,현대,스타리아,Modern,56170000,튀르키예공장,1
김하은,남,39,30대 후반,010-9634-7558,부산광역시,2017,10,5,506836920,현대,그랜저,프리미엄,35620000,체코공장,1
김하은,남,39,30대 후반,010-7653-6314,부산광역시,2023,4,5,506836920,현대,쏘나타,Premium,42310000,울산공장,1
김하은,남,39,30대 후반,010-1783-6277,부산광역시,2017,12,5,506836920,현대,투싼,Modern,59740000,앨라배마공장,1
류건우,여,62,60대 초반,010-9517-6288,충청북도 청주시,2017,7,2,156763400,현대,아반떼,Smart,65560000,전주공장,1
류건우,여,62,60대 초반,010-7373-5367,충청북도 청주시,2017,2,2,156763400,현대,아이오닉6,E-Lite,52720000,인도네시아공장,1
손지영,남,25,20대 중반,010-9640-7020,인천광역시,2020,3,4,207196000,현대,투싼,Modern,59740000,앨라배마공장,1
손지영,남,25,20대 중반,010-4089-4329,인천광역시,2024,1,4,207196000,현대,쏘나타,Premium,17000000,울산공장,1
손지영,남,25,20대 중반,010-1695-8459,인천광역시,2021,5,4,207196000,제네시스,GV70,EV,45730000,앨라배마공장,1
손지영,남,25,20대 중반,010-9799-7138,인천광역시,2021,1,4,207196000,현대,아반떼,Smart,25280000,인도네시아공장,1
김경희,남,42,40대 초반,010-3043-8538,경기도 성남시,2019,8,2,158179560,현대,스타리아,Modern,42470000,튀르키예공장,1
김경희,남,42,40대 초반,010-9467-8394,경기도 성남시,2020,1,2,158179560,현대,그랜저,프리미엄,23780000,앨라배마공장,1
김유진,남,37,30대 후반,010-1966-6612,인천광역시,2019,11,5,334759960,현대,스타리아,Modern,33060000,싱가포르공장,1
김유진,남,37,30대 후반,010-6582-5501,인천광역시,2017,1,5,334759960,현대,아이오닉5,E-Value+,38910000,앨라배마공장,1
김유진,남,37,30대 후반,010-6908-4445,인천광역시,2024,2,5,334759960,현대,펠리세이드,Exclusive,27670000,전주공장,1
김유진,남,37,30대 후반,010-2593-3296,인천광역시,2018,2,5,334759960,현대,펠리세이드,Exclusive,61580000,아산공장,1
김유진,남,37,30대 후반,010-2285-8280,인천광역시,2019,12,5,334759960,현대,쏘나타,Premium,23040000,중국공장,1
장현정,여,50,50대 초반,010-7403-5218,경기도 수원시,2025,6,2,181467000,제네시스,GV70,EV,25210000,체코공장,1
장현정,여,50,50대 초반,010-7815-7532,경기도 수원시,2021,7,2,181467000,현대,투싼,Modern,50610000,중국공장,1
서정순,남,41,40대 초반,010-7960-9860,광주광역시,2025,5,1,181594000,현대,그랜저,프리미엄,25760000,전주공장,1
차상호,남,26,20대 중반,010-7609-3385,경상북도 포항시,2025,1,2,223217910,현대,아이오닉6,E-Lite,68900000,싱가포르공장,1
차상호,남,26,20대 중반,010-9720-4733,경상북도 포항시,2016,1,2,223217910,제네시스,G90,기본,34810000,전주공장,1
안주원,여,38,30대 후반,010-6271-2851,충청남도 천안시,2017,3,2,245808000,제네시스,GV70,EV,49610000,아산공장,1
안주원,여,38,30대 후반,010-8477-5866,충청남도 천안시,2021,2,2,245808000,제네시스,G80,기본,69860000,체코공장,1
이현숙,남,48,40대 후반,010-9469-2957,제주특별자치도,2019,5,1,245412860,현대,아이오닉6,E-Lite,45920000,싱가포르공장,1
윤예원,남,38,30대 후반,010-5483-5692,울산광역시,2016,12,2,376727810,현대,그랜저,프리미엄,63870000,전주공장,1
윤예원,남,38,30대 후반,010-9221-3400,울산광역시,2024,10,2,376727810,제네시스,GV60,기본,15340000,체코공장,1
이영진,남,44,40대 중반,010-6259-9194,대구광역시,2025,6,4,244111560,현대,투싼,Modern,67580000,울산공장,1
이영진,남,44,40대 중반,010-8572-7031,대구광역시,2018,7,4,244111560,현대,아이오닉9,익스클루시브,44190000,울산공장,1
이영진,남,44,40대 중반,010-2367-2010,대구광역시,2025,4,4,244111560,제네시스,G80,기본,35610000,인도네시아공장,1
이영진,남,44,40대 중반,010-4583-1628,대구광역시,2017,7,4,244111560,현대,펠리세이드,Exclusive,53900000,전주공장,1
김정훈,남,34,30대 중반,010-3571-6885,경상남도 창원시,2021,11,2,155922300,제네시스,GV80,기본,25160000,울산공장,1
김정훈,남,34,30대 중반,010-3531-9427,경상남도 창원시,2018,8,2,155922300,현대,펠리세이드,Exclusive,45050000,중국공장,1
김은주,여,31,30대 초반,010-6958-5992,대전광역시,2019,11,1,38030400,제네시스,GV70,EV,49610000,아산공장,1
곽건우,남,45,40대 중반,010-2678-5373,부산광역시,2025,1,3,368694720,제네시스,GV80,기본,52980000,체코공장,1
곽건우,남,45,40대 중반,010-1556-2591,부산광역시,2018,6,3,368694720,현대,아이오닉6,E-Lite,19660000,아산공장,1
곽건우,남,45,40대 중반,010-5154-7127,부산광역시,2019,8,3,368694720,현대,아이오닉5,E-Value+,31850000,인도네시아공장,1
이순자,여,36,30대 중반,010-8305-2408,경상북도 포항시,2020,5,5,771895500,제네시스,G90,기본,16610000,브라질공장,1
이순자,여,36,30대 중반,010-8315-3208,경상북도 포항시,2022,4,5,771895500,제네시스,GV70,EV,25210000,체코공장,1
이순자,여,36,30대 중반,010-5879-5980,경상북도 포항시,2022,2,5,771895500,현대,그랜저,프리미엄,67760000,브라질공장,1
이순자,여,36,30대 중반,010-3604-3550,경상북도 포항시,2020,6,5,771895500,현대,캐스퍼,프리미엄,42900000,브라질공장,1
이순자,여,36,30대 중반,010-1232-8109,경상북도 포항시,2019,6,5,771895500,현대,스타리아,Modern,26840000,중국공장,1
안민재,여,56,50대 중반,010-5833-5691,경기도 수원시,2023,11,5,588900600,현대,아이오닉9,익스클루시브,49440000,아산공장,1
안민재,여,56,50대 중반,010-1152-9861,경기도 수원시,2020,1,5,588900600,현대,스타리아,Modern,44040000,전주공장,1
안민재,여,56,50대 중반,010-7518-4311,경기도 수원시,2025,9,5,588900600,현대,스타리아,Modern,44040000,전주공장,1
안민재,여,56,50대 중반,010-9715-6362,경기도 수원시,2022,12,5,588900600,제네시스,G80,기본,28630000,튀르키예공장,1
안민재,여,56,50대 중반,010-3926-4314,경기도 수원시,2017,11,5,588900600,현대,스타리아,Modern,16890000,앨라배마공장,1
김지현,여,59,50대 후반,010-4250-2798,대전광역시,2025,6,4,226412460,현대,그랜저,프리미엄,40680000,중국공장,1
김지현,여,59,50대 후반,010-5671-9714,대전광역시,2024,3,4,226412460,현대,아이오닉5,E-Value+,31850000,인도네시아공장,1
김지현,여,59,50대 후반,010-2190-9931,대전광역시,2025,4,4,226412460,제네시스,GV70,EV,45730000,앨라배마공장,1
김지현,여,59,50대 후반,010-9880-8238,대전광역시,2024,12,4,226412460,현대,쏘나타,Premium,46040000,인도네시아공장,1
최현준,남,59,50대 후반,010-7278-8963,대구광역시,2021,11,4,334077000,제네시스,GV80,기본,52980000,체코공장,1
최현준,남,59,50대 후반,010-2385-7123,대구광역시,2024,4,4,334077000,제네시스,G80,기본,28630000,튀르키예공장,1
최현준,남,59,50대 후반,010-6933-5085,대구광역시,2017,3,4,334077000,현대,베뉴,프리미엄,59880000,울산공장,1
최현준,남,59,50대 후반,010-7514-6733,대구광역시,2021,10,4,334077000,현대,캐스퍼,프리미엄,20630000,체코공장,1
권동현,여,44,40대 중반,010-7566-2814,울산광역시,2021,3,4,967369920,현대,스타리아,Modern,44040000,전주공장,1
권동현,여,44,40대 중반,010-6741-8379,울산광역시,2018,3,4,967369920,현대,쏘나타,Premium,30700000,울산공장,1
권동현,여,44,40대 중반,010-6960-3785,울산광역시,2023,4,4,967369920,현대,스타리아,Modern,44040000,전주공장,1
권동현,여,44,40대 중반,010-6495-5876,울산광역시,2024,7,4,967369920,제네시스,GV80,기본,60510000,체코공장,1
심정희,남,29,20대 후반,010-5171-1587,인천광역시,2016,4,5,446869200,제네시스,G70,SHOOTINGBRAKE,41130000,인도공장,1
심정희,남,29,20대 후반,010-4852-3631,인천광역시,2020,9,5,446869200,현대,아이오닉9,익스클루시브,44190000,울산공장,1
심정희,남,29,20대 후반,010-3496-1945,인천광역시,2017,1,5,446869200,현대,스타리아,Modern,33060000,싱가포르공장,1
심정희,남,29,20대 후반,010-8553-5406,인천광역시,2016,8,5,446869200,현대,캐스퍼,프리미엄,29840000,튀르키예공장,1
심정희,남,29,20대 후반,010-9572-3391,인천광역시,2023,7,5,446869200,현대,그랜저,프리미엄,69630000,앨라배마공장,1
김순옥,여,26,20대 중반,010-5593-6827,서울특별시,2021,2,2,22888800,현대,그랜저,프리미엄,35620000,체코공장,1
김순옥,여,26,20대 중반,010-4206-4441,서울특별시,2020,8,2,22888800,현대,스타리아,Modern,24750000,앨라배마공장,1
이영순,여,45,40대 중반,010-3603-6742,대전광역시,2016,1,1,77070840,제네시스,G90,기본,48420000,싱가포르공장,1
우미영,여,50,50대 초반,010-6298-8489,울산광역시,2021,11,5,1420915800,현대,스타리아,Modern,26840000,중국공장,1
우미영,여,50,50대 초반,010-9261-4130,울산광역시,2018,12,5,1420915800,제네시스,GV60,기본,15340000,체코공장,1
우미영,여,50,50대 초반,010-7443-7979,울산광역시,2023,9,5,1420915800,현대,그랜저,프리미엄,53840000,전주공장,1
우미영,여,50,50대 초반,010-2300-6398,울산광역시,2025,9,5,1420915800,현대,펠리세이드,Exclusive,21460000,중국공장,1
우미영,여,50,50대 초반,010-7908-6201,울산광역시,2019,2,5,1420915800,현대,캐스퍼,프리미엄,42900000,브라질공장,1
김정식,여,51,50대 초반,010-6887-2420,부산광역시,2020,7,4,666719020,제네시스,GV60,기본,15340000,체코공장,1
김정식,여,51,50대 초반,010-8726-1957,부산광역시,2018,10,4,666719020,현대,스타리아,Modern,24750000,앨라배마공장,1
김정식,여,51,50대 초반,010-8682-3148,부산광역시,2025,3,4,666719020,현대,아이오닉6,E-Lite,52720000,인도네시아공장,1
김정식,여,51,50대 초반,010-9137-5196,부산광역시,2019,7,4,666719020,현대,아이오닉9,익스클루시브,49440000,아산공장,1
이시우,남,25,20대 중반,010-2009-6409,경상남도 창원시,2023,12,1,97267200,현대,그랜저,프리미엄,18790000,전주공장,1
이서영,남,61,60대 초반,010-2694-5281,울산광역시,2023,10,5,1659764070,현대,캐스퍼,프리미엄,42900000,브라질공장,1
이서영,남,61,60대 초반,010-4639-4373,울산광역시,2022,9,5,1659764070,현대,넥쏘,프리미엄,17060000,울산공장,1
이서영,남,61,60대 초반,010-9415-2707,울산광역시,2018,4,5,1659764070,현대,아이오닉9,익스클루시브,46710000,튀르키예공장,1
이서영,남,61,60대 초반,010-2000-1332,울산광역시,2021,12,5,1659764070,제네시스,G80,기본,29780000,브라질공장,1
이서영,남,61,60대 초반,010-3762-3342,울산광역시,2024,1,5,1659764070,제네시스,GV80,기본,18370000,앨라배마공장,1
김준서,여,69,60대 후반,010-8780-2229,경기도 수원시,2018,2,4,585938660,현대,투싼,Modern,41950000,아산공장,1
김준서,여,69,60대 후반,010-3524-7190,경기도 수원시,2018,1,4,585938660,제네시스,G90,기본,16610000,브라질공장,1
김준서,여,69,60대 후반,010-2351-5747,경기도 수원시,2022,12,4,585938660,현대,쏘나타,Premium,42310000,울산공장,1
김준서,여,69,60대 후반,010-5266-6513,경기도 수원시,2025,5,4,585938660,현대,아이오닉6,E-Lite,19660000,아산공장,1
김현준,남,59,50대 후반,010-7548-5122,서울특별시,2020,5,1,19232940,제네시스,GV80,기본,52980000,체코공장,1
박숙자,여,50,50대 초반,010-4845-7727,경상남도 창원시,2023,11,5,593224600,현대,투싼,Modern,67480000,브라질공장,1
박숙자,여,50,50대 초반,010-2765-9884,경상남도 창원시,2022,7,5,593224600,현대,아이오닉6,E-Lite,66910000,울산공장,1
박숙자,여,50,50대 초반,010-4389-3355,경상남도 창원시,2018,9,5,593224600,현대,아이오닉6,E-Lite,66910000,울산공장,1
박숙자,여,50,50대 초반,010-7749-7913,경상남도 창원시,2024,9,5,593224600,현대,투싼,Modern,60140000,앨라배마공장,1
박숙자,여,50,50대 초반,010-7820-6230,경상남도 창원시,2018,3,5,593224600,현대,펠리세이드,Exclusive,47020000,전주공장,1
백준서,여,55,50대 중반,010-4700-6941,대구광역시,2017,3,2,241584390,현대,아이오닉5,E-Value+,39330000,울산공장,1
백준서,여,55,50대 중반,010-7179-1903,대구광역시,2025,3,2,241584390,현대,투싼,Modern,67580000,울산공장,1
한성훈,남,50,50대 초반,010-8986-5559,대전광역시,2021,4,5,502363680,현대,투싼,Modern,60140000,앨라배마공장,1
한성훈,남,50,50대 초반,010-5686-7654,대전광역시,2017,8,5,502363680,현대,베뉴,프리미엄,23700000,튀르키예공장,1
한성훈,남,50,50대 초반,010-6398-5968,대전광역시,2025,6,5,502363680,제네시스,G80,기본,43240000,아산공장,1
한성훈,남,50,50대 초반,010-8813-5246,대전광역시,2019,8,5,502363680,제네시스,G80,기본,43240000,아산공장,1
한성훈,남,50,50대 초반,010-4571-5310,대전광역시,2016,1,5,502363680,현대,베뉴,프리미엄,23700000,튀르키예공장,1
이예원,남,26,20대 중반,010-3762-1128,광주광역시,2020,8,5,1437942160,제네시스,GV70,EV,30850000,싱가포르공장,1
이예원,남,26,20대 중반,010-3027-8956,광주광역시,2020,4,5,1437942160,현대,쏘나타,Premium,42730000,인도네시아공장,1
이예원,남,26,20대 중반,010-3366-2597,광주광역시,2017,11,5,1437942160,제네시스,GV60,기본,34550000,브라질공장,1
이예원,남,26,20대 중반,010-2826-4090,광주광역시,2021,1,5,1437942160,현대,아이오닉6,E-Lite,19660000,아산공장,1
이예원,남,26,20대 중반,010-3626-6977,광주광역시,2022,8,5,1437942160,현대,그랜저,프리미엄,35620000,체코공장,1
최서현,남,57,50대 후반,010-8719-3731,부산광역시,2021,4,3,580265200,현대,아이오닉5,E-Value+,31850000,인도네시아공장,1
최서현,남,57,50대 후반,010-1573-5161,부산광역시,2021,6,3,580265200,현대,그랜저,프리미엄,63870000,전주공장,1
최서현,남,57,50대 후반,010-7515-5524,부산광역시,2024,8,3,580265200,현대,캐스퍼,프리미엄,42900000,브라질공장,1
박옥자,여,23,20대 중반,010-9816-7650,서울특별시,2022,4,4,133806640,제네시스,GV60,기본,34550000,브라질공장,1
박옥자,여,23,20대 중반,010-6882-4722,서울특별시,2016,3,4,133806640,제네시스,GV80,기본,60510000,체코공장,1
박옥자,여,23,20대 중반,010-2535-4587,서울특별시,2022,9,4,133806640,제네시스,G80,기본,22750000,전주공장,1
박옥자,여,23,20대 중반,010-3139-8637,서울특별시,2017,3,4,133806640,현대,아반떼,Smart,53400000,싱가포르공장,1
김은서,여,40,40대 초반,010-3548-2655,경상북도 포항시,2025,9,5,1021777110,제네시스,GV70,EV,45730000,앨라배마공장,1
김은서,여,40,40대 초반,010-3658-6969,경상북도 포항시,2025,2,5,1021777110,현대,아이오닉9,익스클루시브,16300000,인도공장,1
김은서,여,40,40대 초반,010-6226-7639,경상북도 포항시,2021,2,5,1021777110,제네시스,GV80,기본,25160000,울산공장,1
김은서,여,40,40대 초반,010-2203-3865,경상북도 포항시,2016,2,5,1021777110,제네시스,G80,기본,43240000,아산공장,1
김은서,여,40,40대 초반,010-2690-2768,경상북도 포항시,2022,6,5,1021777110,현대,쏘나타,Premium,30700000,울산공장,1
이순옥,여,61,60대 초반,010-3571-4962,서울특별시,2024,3,2,92804640,현대,스타리아,Modern,19740000,중국공장,1
이순옥,여,61,60대 초반,010-9990-9760,서울특별시,2020,9,2,92804640,현대,펠리세이드,Exclusive,42340000,인도공장,1
이도윤,남,65,60대 중반,010-7518-4447,대구광역시,2022,4,5,712575930,제네시스,G80,기본,43240000,아산공장,1
이도윤,남,65,60대 중반,010-8750-7294,대구광역시,2019,1,5,712575930,현대,쏘나타,Premium,39540000,싱가포르공장,1
이도윤,남,65,60대 중반,010-2623-9312,대구광역시,2023,4,5,712575930,제네시스,GV80,기본,25160000,울산공장,1
이도윤,남,65,60대 중반,010-2060-8987,대구광역시,2019,1,5,712575930,현대,펠리세이드,Exclusive,53900000,전주공장,1
이도윤,남,65,60대 중반,010-3777-5260,대구광역시,2016,5,5,712575930,현대,스타리아,Modern,60550000,앨라배마공장,1
서건우,남,26,20대 중반,010-3421-5442,인천광역시,2020,4,3,345856770,현대,펠리세이드,Exclusive,53900000,전주공장,1
서건우,남,26,20대 중반,010-7815-5459,인천광역시,2016,8,3,345856770,현대,쏘나타,Premium,51450000,인도네시아공장,1
서건우,남,26,20대 중반,010-6781-3232,인천광역시,2021,8,3,345856770,현대,투싼,Modern,50610000,중국공장,1
김영일,남,47,40대 후반,010-3892-3358,충청북도 청주시,2021,7,2,246627110,현대,아이오닉5,E-Value+,39330000,울산공장,1
김영일,남,47,40대 후반,010-5855-3575,충청북도 청주시,2016,3,2,246627110,현대,아반떼,Smart,53400000,싱가포르공장,1
박도현,여,42,40대 초반,010-1997-9328,인천광역시,2022,1,4,636280740,현대,캐스퍼,프리미엄,23630000,앨라배마공장,1
박도현,여,42,40대 초반,010-8124-3176,인천광역시,2021,1,4,636280740,현대,캐스퍼,프리미엄,42900000,브라질공장,1
박도현,여,42,40대 초반,010-1271-8096,인천광역시,2024,12,4,636280740,제네시스,GV60,기본,15340000,체코공장,1
박도현,여,42,40대 초반,010-8974-1339,인천광역시,2019,11,4,636280740,제네시스,G80,기본,38630000,인도네시아공장,1
황영순,남,51,50대 초반,010-4159-5714,인천광역시,2017,3,2,378449500,현대,스타리아,Modern,35470000,브라질공장,1
황영순,남,51,50대 초반,010-7070-4007,인천광역시,2020,6,2,378449500,현대,투싼,Modern,67480000,브라질공장,1
안성민,남,53,50대 중반,010-1085-8576,충청북도 청주시,2021,7,4,671937480,현대,아이오닉9,익스클루시브,49440000,아산공장,1
안성민,남,53,50대 중반,010-5565-8551,충청북도 청주시,2025,6,4,671937480,제네시스,G80,기본,22750000,전주공장,1
안성민,남,53,50대 중반,010-7033-7779,충청북도 청주시,2021,6,4,671937480,현대,스타리아,Modern,60550000,앨라배마공장,1
안성민,남,53,50대 중반,010-9230-1279,충청북도 청주시,2020,6,4,671937480,현대,스타리아,Modern,40580000,인도네시아공장,1
이현준,남,52,50대 초반,010-6015-1855,대전광역시,2023,3,5,612846840,현대,펠리세이드,Exclusive,42340000,인도공장,1
이현준,남,52,50대 초반,010-5246-8973,대전광역시,2023,6,5,612846840,현대,아이오닉9,익스클루시브,68340000,인도공장,1
이현준,남,52,50대 초반,010-3804-5390,대전광역시,2016,8,5,612846840,제네시스,GV80,기본,60510000,체코공장,1
이현준,남,52,50대 초반,010-8656-5470,대전광역시,2016,11,5,612846840,현대,그랜저,프리미엄,54930000,체코공장,1
이현준,남,52,50대 초반,010-5502-4093,대전광역시,2023,11,5,612846840,현대,그랜저,프리미엄,63590000,튀르키예공장,1
김예지,남,67,60대 후반,010-2043-7653,충청북도 청주시,2018,2,2,440294970,제네시스,G70,SHOOTINGBRAKE,67250000,인도공장,1
김예지,남,67,60대 후반,010-7934-4368,충청북도 청주시,2022,5,2,440294970,현대,그랜저,프리미엄,54930000,체코공장,1
이영길,여,70,70대 초반,010-5108-4767,충청남도 천안시,2023,1,1,152475000,현대,투싼,Modern,67580000,울산공장,1
이준호,여,29,20대 후반,010-8764-5253,울산광역시,2024,12,3,1209557200,현대,아이오닉9,익스클루시브,68340000,인도공장,1
이준호,여,29,20대 후반,010-9451-6849,울산광역시,2020,1,3,1209557200,제네시스,G90,기본,64110000,울산공장,1
이준호,여,29,20대 후반,010-9991-7801,울산광역시,2024,5,3,1209557200,현대,그랜저,프리미엄,54930000,체코공장,1
한성수,여,66,60대 중반,010-8014-4566,경상남도 창원시,2024,12,2,347740250,현대,펠리세이드,Exclusive,21460000,중국공장,1
한성수,여,66,60대 중반,010-5352-2162,경상남도 창원시,2025,3,2,347740250,현대,캐스퍼,프리미엄,23630000,앨라배마공장,1
이명숙,여,33,30대 중반,010-5414-9518,인천광역시,2025,4,5,1068643260,현대,쏘나타,Premium,63750000,튀르키예공장,1
이명숙,여,33,30대 중반,010-5158-7454,인천광역시,2019,3,5,1068643260,현대,아이오닉5,E-Value+,39330000,울산공장,1
이명숙,여,33,30대 중반,010-1728-1164,인천광역시,2022,1,5,1068643260,현대,스타리아,Modern,60550000,앨라배마공장,1
이명숙,여,33,30대 중반,010-1435-4149,인천광역시,2021,1,5,1068643260,제네시스,G80,기본,22750000,전주공장,1
이명숙,여,33,30대 중반,010-9009-6708,인천광역시,2018,12,5,1068643260,현대,쏘나타,Premium,46040000,인도네시아공장,1
김민석,남,22,20대 초반,010-2063-3907,충청북도 청주시,2019,12,3,834353000,현대,스타리아,Modern,40580000,인도네시아공장,1
김민석,남,22,20대 초반,010-4321-1243,충청북도 청주시,2022,5,3,834353000,제네시스,G80,기본,35410000,중국공장,1
김민석,남,22,20대 초반,010-7936-3966,충청북도 청주시,2024,6,3,834353000,현대,아이오닉6,E-Lite,52720000,인도네시아공장,1
고수민,남,29,20대 후반,010-8916-9788,경상북도 포항시,2020,3,1,261122400,현대,아이오닉6,E-Lite,52720000,인도네시아공장,1
서지훈,남,56,50대 중반,010-3378-1357,부산광역시,2017,12,3,666465100,현대,그랜저,프리미엄,15640000,튀르키예공장,1
서지훈,남,56,50대 중반,010-9838-4493,부산광역시,2024,9,3,666465100,현대,그랜저,프리미엄,69630000,앨라배마공장,1
서지훈,남,56,50대 중반,010-8293-2874,부산광역시,2016,5,3,666465100,현대,아이오닉9,익스클루시브,68340000,인도공장,1
김현우,여,41,40대 초반,010-9903-8534,경기도 수원시,2016,8,5,851262900,제네시스,GV70,EV,54430000,울산공장,1
김현우,여,41,40대 초반,010-6697-4747,경기도 수원시,2022,1,5,851262900,현대,펠리세이드,Exclusive,27670000,전주공장,1
김현우,여,41,40대 초반,010-4942-2091,경기도 수원시,2017,5,5,851262900,현대,쏘나타,Premium,60980000,체코공장,1
김현우,여,41,40대 초반,010-2112-1604,경기도 수원시,2016,3,5,851262900,현대,쏘나타,Premium,39540000,싱가포르공장,1
김현우,여,41,40대 초반,010-7776-1537,경기도 수원시,2024,12,5,851262900,제네시스,GV80,기본,27750000,전주공장,1
김영환,여,68,60대 후반,010-6131-7207,전라남도 목포시,2022,1,5,59931000,현대,투싼,Modern,59740000,앨라배마공장,1
김영환,여,68,60대 후반,010-1986-5371,전라남도 목포시,2024,4,5,59931000,제네시스,G90,기본,16610000,브라질공장,1
김영환,여,68,60대 후반,010-6027-9052,전라남도 목포시,2024,5,5,59931000,제네시스,G80,기본,35610000,인도네시아공장,1
김영환,여,68,60대 후반,010-5887-3452,전라남도 목포시,2018,7,5,59931000,현대,펠리세이드,Exclusive,61580000,아산공장,1
김영환,여,68,60대 후반,010-6237-5703,전라남도 목포시,2019,1,5,59931000,현대,넥쏘,프리미엄,17060000,울산공장,1
이건우,남,67,60대 후반,010-7476-7178,전라북도 전주시,2023,3,3,195241600,제네시스,G70,SHOOTINGBRAKE,41130000,인도공장,1
이건우,남,67,60대 후반,010-4599-2410,전라북도 전주시,2025,2,3,195241600,제네시스,G90,기본,48420000,싱가포르공장,1
이건우,남,67,60대 후반,010-6848-2321,전라북도 전주시,2025,9,3,195241600,현대,투싼,Modern,50610000,중국공장,1
진윤서,남,37,30대 후반,010-5935-2410,경기도 수원시,2016,10,1,193919780,현대,아반떼,Smart,20020000,튀르키예공장,1
이영자,여,43,40대 중반,010-9301-8911,경기도 성남시,2017,6,3,313011080,현대,아반떼,Smart,41900000,앨라배마공장,1
이영자,여,43,40대 중반,010-6505-9616,경기도 성남시,2019,10,3,313011080,현대,쏘나타,Premium,23040000,중국공장,1
이영자,여,43,40대 중반,010-5428-9468,경기도 성남시,2017,3,3,313011080,현대,아이오닉9,익스클루시브,49440000,아산공장,1
최명자,남,25,20대 중반,010-6664-6478,광주광역시,2021,8,1,352697120,현대,그랜저,프리미엄,67760000,브라질공장,1
류민석,남,54,50대 중반,010-8764-9270,울산광역시,2022,8,5,2287867330,현대,아이오닉6,E-Lite,68900000,싱가포르공장,1
류민석,남,54,50대 중반,010-1618-4228,울산광역시,2018,2,5,2287867330,현대,아반떼,Smart,65560000,전주공장,1
류민석,남,54,50대 중반,010-6029-9063,울산광역시,2021,6,5,2287867330,현대,아이오닉9,익스클루시브,16300000,인도공장,1
류민석,남,54,50대 중반,010-6889-9859,울산광역시,2019,7,5,2287867330,현대,그랜저,프리미엄,40680000,중국공장,1
류민석,남,54,50대 중반,010-8943-8309,울산광역시,2018,2,5,2287867330,현대,스타리아,Modern,33060000,싱가포르공장,1
성정자,남,37,30대 후반,010-5212-9914,울산광역시,2024,11,4,2015945300,현대,스타리아,Modern,33060000,싱가포르공장,1
성정자,남,37,30대 후반,010-9530-3455,울산광역시,2017,10,4,2015945300,현대,베뉴,프리미엄,23700000,튀르키예공장,1
성정자,남,37,30대 후반,010-1510-7550,울산광역시,2023,2,4,2015945300,현대,아이오닉9,익스클루시브,46710000,튀르키예공장,1
성정자,남,37,30대 후반,010-5470-1497,울산광역시,2018,10,4,2015945300,현대,아이오닉9,익스클루시브,49440000,아산공장,1
이영환,남,27,20대 후반,010-1841-8926,충청북도 청주시,2021,1,1,326105080,현대,아이오닉5,E-Value+,22690000,앨라배마공장,1
이준영,여,23,20대 중반,010-3196-8473,서울특별시,2018,8,1,64643700,현대,아이오닉5,E-Value+,39330000,울산공장,1
김경자,여,63,60대 중반,010-4212-8108,서울특별시,2019,1,4,1701049110,제네시스,GV60,기본,55140000,체코공장,1
김경자,여,63,60대 중반,010-3593-8272,서울특별시,2019,9,4,1701049110,제네시스,G90,기본,48420000,싱가포르공장,1
김경자,여,63,60대 중반,010-7685-7040,서울특별시,2020,11,4,1701049110,현대,베뉴,프리미엄,23700000,튀르키예공장,1
김경자,여,63,60대 중반,010-2701-3542,서울특별시,2017,6,4,1701049110,현대,쏘나타,Premium,23040000,중국공장,1
이혜진,여,69,60대 후반,010-7808-2236,광주광역시,2018,7,5,2012275020,현대,스타리아,Modern,48850000,인도네시아공장,1
이혜진,여,69,60대 후반,010-3396-8975,광주광역시,2021,10,5,2012275020,현대,스타리아,Modern,33060000,싱가포르공장,1
이혜진,여,69,60대 후반,010-8022-1974,광주광역시,2021,7,5,2012275020,현대,쏘나타,Premium,51450000,인도네시아공장,1
이혜진,여,69,60대 후반,010-7547-7213,광주광역시,2016,10,5,2012275020,현대,아반떼,Smart,53400000,싱가포르공장,1
이혜진,여,69,60대 후반,010-7173-2590,광주광역시,2021,3,5,2012275020,현대,아반떼,Smart,20020000,튀르키예공장,1
곽옥순,여,24,20대 중반,010-3435-5709,대전광역시,2017,2,3,437282700,현대,스타리아,Modern,33060000,싱가포르공장,1
곽옥순,여,24,20대 중반,010-5297-1719,대전광역시,2017,9,3,437282700,현대,아반떼,Smart,41900000,앨라배마공장,1
곽옥순,여,24,20대 중반,010-4629-7081,대전광역시,2020,8,3,437282700,현대,펠리세이드,Exclusive,30280000,앨라배마공장,1
김시우,남,44,40대 중반,010-8064-9914,전라남도 목포시,2018,12,2,40150560,현대,아이오닉9,익스클루시브,44190000,울산공장,1
김시우,남,44,40대 중반,010-8601-9877,전라남도 목포시,2023,10,2,40150560,현대,아이오닉5,E-Value+,68110000,인도공장,1
윤재호,남,31,30대 초반,010-6800-8165,대구광역시,2020,7,2,403626960,현대,넥쏘,프리미엄,17060000,울산공장,1
윤재호,남,31,30대 초반,010-2217-6885,대구광역시,2019,9,2,403626960,제네시스,G80,기본,39350000,인도공장,1
강종수,남,43,40대 중반,010-7694-5761,대전광역시,2018,4,1,193311890,현대,투싼,Modern,59740000,앨라배마공장,1
성성수,남,40,40대 초반,010-9876-2011,충청북도 청주시,2020,4,1,408581250,현대,그랜저,프리미엄,63870000,전주공장,1
정지혜,남,57,50대 후반,010-8411-4141,경기도 성남시,2024,1,2,251710250,현대,그랜저,프리미엄,18790000,전주공장,1
정지혜,남,57,50대 후반,010-8846-4072,경기도 성남시,2021,8,2,251710250,현대,스타리아,Modern,48850000,인도네시아공장,1
손아름,남,28,20대 후반,010-1522-4380,경상북도 포항시,2021,12,3,969520020,현대,그랜저,프리미엄,35620000,체코공장,1
손아름,남,28,20대 후반,010-3204-3376,경상북도 포항시,2023,3,3,969520020,현대,스타리아,Modern,35470000,브라질공장,1
손아름,남,28,20대 후반,010-3030-7933,경상북도 포항시,2017,7,3,969520020,현대,아이오닉9,익스클루시브,16300000,인도공장,1
조성호,여,40,40대 초반,010-3090-3716,대구광역시,2022,12,3,689827020,현대,아이오닉6,E-Lite,68900000,싱가포르공장,1
조성호,여,40,40대 초반,010-8377-2698,대구광역시,2024,2,3,689827020,현대,스타리아,Modern,35470000,브라질공장,1
조성호,여,40,40대 초반,010-4682-9567,대구광역시,2017,2,3,689827020,현대,스타리아,Modern,25820000,울산공장,1
김수민,남,25,20대 중반,010-6777-1862,경기도 수원시,2019,7,1,260274420,제네시스,G80,기본,17410000,인도공장,1
김민준,남,67,60대 후반,010-2289-7731,전라남도 목포시,2021,6,1,40322700,현대,그랜저,프리미엄,40680000,중국공장,1
이경숙,여,28,20대 후반,010-8420-7489,충청남도 천안시,2020,3,3,534928260,현대,그랜저,프리미엄,63590000,튀르키예공장,1
이경숙,여,28,20대 후반,010-6756-6464,충청남도 천안시,2020,9,3,534928260,현대,펠리세이드,Exclusive,43880000,체코공장,1
이경숙,여,28,20대 후반,010-6855-4841,충청남도 천안시,2025,10,3,534928260,현대,스타리아,Modern,48850000,인도네시아공장,1
황도윤,남,49,40대 후반,010-5391-5386,서울특별시,2021,6,2,1006969260,현대,투싼,Modern,67480000,브라질공장,1
황도윤,남,49,40대 후반,010-9675-4622,서울특별시,2019,10,2,1006969260,현대,아이오닉6,E-Lite,67260000,인도공장,1
강영자,여,69,60대 후반,010-3005-6745,충청북도 청주시,2023,10,5,2430018080,현대,아반떼,Smart,65560000,전주공장,1
강영자,여,69,60대 후반,010-3108-6256,충청북도 청주시,2017,6,5,2430018080,현대,아이오닉5,E-Value+,65510000,울산공장,1
강영자,여,69,60대 후반,010-7480-1191,충청북도 청주시,2019,1,5,2430018080,현대,스타리아,Modern,56170000,튀르키예공장,1
강영자,여,69,60대 후반,010-4149-9888,충청북도 청주시,2021,4,5,2430018080,현대,스타리아,Modern,42470000,튀르키예공장,1
강영자,여,69,60대 후반,010-6415-2891,충청북도 청주시,2024,10,5,2430018080,현대,펠리세이드,Exclusive,30280000,앨라배마공장,1
이지민,여,36,30대 중반,010-5344-5287,경기도 성남시,2016,6,1,156458250,현대,쏘나타,Premium,17000000,울산공장,1
남지연,남,38,30대 후반,010-8830-7551,경기도 수원시,2023,6,2,646010440,현대,쏘나타,Premium,60980000,체코공장,1
남지연,남,38,30대 후반,010-4247-6627,경기도 수원시,2024,11,2,646010440,현대,스타리아,Modern,44040000,전주공장,1
이은서,남,62,60대 초반,010-1521-8746,서울특별시,2018,12,1,84548640,현대,캐스퍼,프리미엄,29840000,튀르키예공장,1
정예원,여,54,50대 중반,010-1903-9072,경상북도 포항시,2021,5,4,1428220800,현대,쏘나타,Premium,60980000,체코공장,1
정예원,여,54,50대 중반,010-8249-5392,경상북도 포항시,2019,1,4,1428220800,현대,투싼,Modern,37780000,앨라배마공장,1
정예원,여,54,50대 중반,010-7912-6000,경상북도 포항시,2021,8,4,1428220800,제네시스,G70,SHOOTINGBRAKE,62980000,아산공장,1
정예원,여,54,50대 중반,010-5514-7902,경상북도 포항시,2018,5,4,1428220800,현대,캐스퍼,프리미엄,23630000,앨라배마공장,1
신성현,남,57,50대 후반,010-8392-3563,광주광역시,2025,12,5,2399633360,현대,쏘나타,Premium,17000000,울산공장,1
신성현,남,57,50대 후반,010-2720-7808,광주광역시,2016,12,5,2399633360,현대,아이오닉6,E-Lite,52720000,인도네시아공장,1
신성현,남,57,50대 후반,010-4286-6829,광주광역시,2017,12,5,2399633360,현대,아이오닉6,E-Lite,67260000,인도공장,1
신성현,남,57,50대 후반,010-2869-3185,광주광역시,2018,5,5,2399633360,현대,캐스퍼,프리미엄,66160000,울산공장,1
신성현,남,57,50대 후반,010-4545-7217,광주광역시,2020,7,5,2399633360,현대,투싼,Modern,59740000,앨라배마공장,1
민정호,여,56,50대 중반,010-8959-5906,전라남도 목포시,2017,4,5,280950300,제네시스,GV70,EV,54430000,울산공장,1
민정호,여,56,50대 중반,010-8017-6225,전라남도 목포시,2018,6,5,280950300,현대,투싼,Modern,37780000,앨라배마공장,1
민정호,여,56,50대 중반,010-1590-3211,전라남도 목포시,2022,4,5,280950300,현대,투싼,Modern,35270000,체코공장,1
민정호,여,56,50대 중반,010-9619-6242,전라남도 목포시,2024,3,5,280950300,현대,아이오닉9,익스클루시브,49440000,아산공장,1
민정호,여,56,50대 중반,010-7159-3795,전라남도 목포시,2021,7,5,280950300,현대,캐스퍼,프리미엄,29840000,튀르키예공장,1
박지원,남,62,60대 초반,010-4256-3122,경상남도 창원시,2018,8,4,951845370,제네시스,G80,기본,39350000,인도공장,1
박지원,남,62,60대 초반,010-2248-8439,경상남도 창원시,2016,4,4,951845370,제네시스,GV70,EV,25210000,체코공장,1
박지원,남,62,60대 초반,010-3874-8298,경상남도 창원시,2016,2,4,951845370,현대,쏘나타,Premium,39540000,싱가포르공장,1
박지원,남,62,60대 초반,010-3882-7591,경상남도 창원시,2019,12,4,951845370,현대,아이오닉9,익스클루시브,16300000,인도공장,1
김영자,남,49,40대 후반,010-2374-8295,전라남도 목포시,2022,10,4,347037680,현대,그랜저,프리미엄,63870000,전주공장,1
김영자,남,49,40대 후반,010-8220-6604,전라남도 목포시,2020,3,4,347037680,현대,그랜저,프리미엄,19920000,튀르키예공장,1
김영자,남,49,40대 후반,010-3092-8342,전라남도 목포시,2020,1,4,347037680,제네시스,G80,기본,22750000,전주공장,1
김영자,남,49,40대 후반,010-3884-3462,전라남도 목포시,2017,8,4,347037680,제네시스,G80,기본,28630000,튀르키예공장,1
이서윤,여,59,50대 후반,010-2055-3936,서울특별시,2018,3,4,432897260,현대,아이오닉9,익스클루시브,44190000,울산공장,1
이서윤,여,59,50대 후반,010-2866-6194,서울특별시,2023,12,4,432897260,현대,아이오닉5,E-Value+,31850000,인도네시아공장,1
이서윤,여,59,50대 후반,010-7817-2537,서울특별시,2021,10,4,432897260,현대,아반떼,Smart,25280000,인도네시아공장,1
이서윤,여,59,50대 후반,010-2847-5885,서울특별시,2020,7,4,432897260,현대,아반떼,Smart,25280000,인도네시아공장,1
송지은,여,71,70대 초반,010-2962-4902,부산광역시,2021,10,4,1052603520,현대,스타리아,Modern,26840000,중국공장,1
송지은,여,71,70대 초반,010-3513-6215,부산광역시,2017,5,4,1052603520,제네시스,G90,기본,34810000,전주공장,1
송지은,여,71,70대 초반,010-9544-4377,부산광역시,2018,10,4,1052603520,제네시스,G70,SHOOTINGBRAKE,53430000,울산공장,1
송지은,여,71,70대 초반,010-6536-4203,부산광역시,2024,5,4,1052603520,제네시스,G80,기본,29780000,브라질공장,1
이서연,남,36,30대 중반,010-9427-6547,부산광역시,2022,7,3,977400690,현대,투싼,Modern,67580000,울산공장,1
이서연,남,36,30대 중반,010-7852-2240,부산광역시,2022,9,3,977400690,현대,캐스퍼,프리미엄,66160000,울산공장,1
이서연,남,36,30대 중반,010-8118-6151,부산광역시,2016,12,3,977400690,현대,쏘나타,Premium,60980000,체코공장,1
김성호,여,40,40대 초반,010-3240-6343,대구광역시,2023,5,5,1347672060,현대,베뉴,프리미엄,59880000,울산공장,1
김성호,여,40,40대 초반,010-2295-6250,대구광역시,2017,1,5,1347672060,현대,캐스퍼,프리미엄,66160000,울산공장,1
김성호,여,40,40대 초반,010-6418-2305,대구광역시,2023,10,5,1347672060,현대,스타리아,Modern,26840000,중국공장,1
김성호,여,40,40대 초반,010-3643-4588,대구광역시,2020,10,5,1347672060,현대,스타리아,Modern,63430000,앨라배마공장,1
김성호,여,40,40대 초반,010-3514-7365,대구광역시,2024,1,5,1347672060,현대,펠리세이드,Exclusive,33990000,인도네시아공장,1
홍정숙,남,70,70대 초반,010-8255-2424,광주광역시,2019,2,5,2720152200,제네시스,G80,기본,28630000,튀르키예공장,1
홍정숙,남,70,70대 초반,010-3754-3357,광주광역시,2019,6,5,2720152200,현대,투싼,Modern,60140000,앨라배마공장,1
홍정숙,남,70,70대 초반,010-5900-8619,광주광역시,2016,9,5,2720152200,현대,펠리세이드,Exclusive,27670000,전주공장,1
홍정숙,남,70,70대 초반,010-8112-9429,광주광역시,2019,8,5,2720152200,현대,아이오닉6,E-Lite,66910000,울산공장,1
홍정숙,남,70,70대 초반,010-4436-5463,광주광역시,2025,5,5,2720152200,제네시스,G80,기본,40560000,브라질공장,1
박혜진,남,47,40대 후반,010-5266-2572,서울특별시,2017,1,1,564024380,현대,스타리아,Modern,26840000,중국공장,1
이정훈,남,63,60대 중반,010-9145-2415,경기도 수원시,2016,7,2,724818320,현대,아이오닉5,E-Value+,39330000,울산공장,1
이정훈,남,63,60대 중반,010-1009-8338,경기도 수원시,2025,5,2,724818320,현대,아반떼,Smart,41900000,앨라배마공장,1
이승현,여,43,40대 중반,010-8937-6678,대전광역시,2016,6,4,877122270,제네시스,G70,SHOOTINGBRAKE,30000000,전주공장,1
이승현,여,43,40대 중반,010-9866-3585,대전광역시,2024,7,4,877122270,현대,아이오닉6,E-Lite,66910000,울산공장,1
이승현,여,43,40대 중반,010-6768-8959,대전광역시,2019,3,4,877122270,현대,아이오닉5,E-Value+,31850000,인도네시아공장,1
이승현,여,43,40대 중반,010-2093-1870,대전광역시,2017,12,4,877122270,현대,아이오닉6,E-Lite,67260000,인도공장,1
박채원,여,61,60대 초반,010-3131-2011,부산광역시,2023,10,1,362681550,제네시스,GV80,기본,52980000,체코공장,1
김중수,여,54,50대 중반,010-1386-7242,울산광역시,2018,3,4,2359208040,제네시스,G80,기본,69860000,체코공장,1
김중수,여,54,50대 중반,010-2182-6829,울산광역시,2018,5,4,2359208040,현대,캐스퍼,프리미엄,66160000,울산공장,1
김중수,여,54,50대 중반,010-4920-7520,울산광역시,2024,6,4,2359208040,현대,아반떼,Smart,53400000,싱가포르공장,1
김중수,여,54,50대 중반,010-7103-7158,울산광역시,2025,9,4,2359208040,현대,스타리아,Modern,63430000,앨라배마공장,1
김영호,여,26,20대 중반,010-5290-7265,인천광역시,2022,12,4,992529470,제네시스,GV80,기본,25160000,울산공장,1
김영호,여,26,20대 중반,010-5123-3055,인천광역시,2023,5,4,992529470,제네시스,GV60,기본,15340000,체코공장,1
김영호,여,26,20대 중반,010-1022-8457,인천광역시,2024,1,4,992529470,제네시스,G80,기본,35610000,인도네시아공장,1
김영호,여,26,20대 중반,010-6986-1825,인천광역시,2022,4,4,992529470,제네시스,GV70,EV,30850000,싱가포르공장,1
심동현,여,26,20대 중반,010-3906-7597,서울특별시,2017,5,3,403491360,현대,쏘나타,Premium,46040000,인도네시아공장,1
심동현,여,26,20대 중반,010-8480-8316,서울특별시,2020,12,3,403491360,현대,쏘나타,Premium,63750000,튀르키예공장,1
심동현,여,26,20대 중반,010-3493-8207,서울특별시,2025,10,3,403491360,제네시스,G90,기본,24950000,전주공장,1
박민석,남,68,60대 후반,010-2510-8624,충청남도 천안시,2020,10,2,488296200,현대,스타리아,Modern,42470000,튀르키예공장,1
박민석,남,68,60대 후반,010-1341-8765,충청남도 천안시,2025,5,2,488296200,제네시스,G80,기본,22750000,전주공장,1
김병철,남,56,50대 중반,010-1943-8573,서울특별시,2019,7,2,1257134400,현대,쏘나타,Premium,30700000,울산공장,1
김병철,남,56,50대 중반,010-1305-2520,서울특별시,2024,4,2,1257134400,현대,투싼,Modern,29950000,튀르키예공장,1
서영길,여,53,50대 중반,010-4402-1348,대구광역시,2024,1,5,1726420380,현대,아이오닉5,E-Value+,65510000,울산공장,1
서영길,여,53,50대 중반,010-7277-4495,대구광역시,2019,5,5,1726420380,현대,그랜저,프리미엄,15640000,튀르키예공장,1
서영길,여,53,50대 중반,010-3989-9310,대구광역시,2025,7,5,1726420380,현대,쏘나타,Premium,51450000,인도네시아공장,1
서영길,여,53,50대 중반,010-4414-5952,대구광역시,2019,10,5,1726420380,제네시스,GV70,EV,30850000,싱가포르공장,1
서영길,여,53,50대 중반,010-8101-5898,대구광역시,2023,10,5,1726420380,현대,쏘나타,Premium,42730000,인도네시아공장,1
홍현숙,남,66,60대 중반,010-3601-7213,충청북도 청주시,2019,6,4,2366637760,현대,쏘나타,Premium,51450000,인도네시아공장,1
홍현숙,남,66,60대 중반,010-5052-9778,충청북도 청주시,2019,5,4,2366637760,제네시스,G80,기본,21000000,울산공장,1
홍현숙,남,66,60대 중반,010-4943-9003,충청북도 청주시,2017,4,4,2366637760,제네시스,G80,기본,40560000,브라질공장,1
홍현숙,남,66,60대 중반,010-6478-2168,충청북도 청주시,2018,2,4,2366637760,현대,아반떼,Smart,65560000,전주공장,1
박아름,남,69,60대 후반,010-3311-4190,전라남도 목포시,2017,4,2,228093900,현대,펠리세이드,Exclusive,68930000,울산공장,1
박아름,남,69,60대 후반,010-3702-5070,전라남도 목포시,2023,10,2,228093900,현대,아이오닉6,E-Lite,66910000,울산공장,1
김광수,남,51,50대 초반,010-2146-2096,대구광역시,2016,10,3,1247094870,제네시스,G80,기본,21000000,울산공장,1
김광수,남,51,50대 초반,010-9245-8976,대구광역시,2022,3,3,1247094870,제네시스,G80,기본,21000000,울산공장,1
김광수,남,51,50대 초반,010-2120-5788,대구광역시,2017,10,3,1247094870,제네시스,G90,기본,48420000,싱가포르공장,1
오민준,남,37,30대 후반,010-9630-5407,울산광역시,2017,1,1,651337830,현대,베뉴,프리미엄,23700000,튀르키예공장,1
김성현,남,52,50대 초반,010-5516-7502,경기도 수원시,2017,8,2,818413700,제네시스,G90,기본,34810000,전주공장,1
김성현,남,52,50대 초반,010-4120-2870,경기도 수원시,2020,5,2,818413700,현대,투싼,Modern,60140000,앨라배마공장,1
김예진,남,35,30대 중반,010-8257-2560,광주광역시,2022,4,1,588319200,현대,그랜저,프리미엄,19920000,튀르키예공장,1
손준호,남,39,30대 후반,010-3129-4047,인천광역시,2021,8,1,323220040,제네시스,G70,SHOOTINGBRAKE,67250000,인도공장,1
최현우,남,63,60대 중반,010-1520-5218,인천광역시,2021,7,5,1835438380,제네시스,GV60,기본,46520000,중국공장,1
최현우,남,63,60대 중반,010-3698-4816,인천광역시,2024,2,5,1835438380,제네시스,G80,기본,17410000,인도공장,1
최현우,남,63,60대 중반,010-2814-8155,인천광역시,2023,1,5,1835438380,현대,아이오닉6,E-Lite,67260000,인도공장,1
최현우,남,63,60대 중반,010-8753-4717,인천광역시,2017,12,5,1835438380,현대,쏘나타,Premium,45990000,울산공장,1
최현우,남,63,60대 중반,010-4307-9050,인천광역시,2024,11,5,1835438380,현대,쏘나타,Premium,51450000,인도네시아공장,1
배재현,여,24,20대 중반,010-9573-2680,경기도 수원시,2016,4,5,2319234220,현대,그랜저,프리미엄,15640000,튀르키예공장,1
배재현,여,24,20대 중반,010-9396-2623,경기도 수원시,2025,8,5,2319234220,현대,아반떼,Smart,65560000,전주공장,1
배재현,여,24,20대 중반,010-7612-6677,경기도 수원시,2022,12,5,2319234220,제네시스,GV80,기본,27750000,전주공장,1
배재현,여,24,20대 중반,010-2182-8392,경기도 수원시,2025,2,5,2319234220,현대,쏘나타,Premium,63750000,튀르키예공장,1
배재현,여,24,20대 중반,010-2584-9654,경기도 수원시,2021,3,5,2319234220,제네시스,G80,기본,35410000,중국공장,1
서지영,여,61,60대 초반,010-8746-7713,충청남도 천안시,2024,12,2,569550110,현대,펠리세이드,Exclusive,45050000,중국공장,1
서지영,여,61,60대 초반,010-1351-8326,충청남도 천안시,2017,1,2,569550110,제네시스,G80,기본,39350000,인도공장,1
김진호,여,23,20대 중반,010-3519-5578,부산광역시,2022,1,1,413365920,제네시스,G70,SHOOTINGBRAKE,67250000,인도공장,1
이영철,여,44,40대 중반,010-1976-3482,인천광역시,2020,3,5,2068342540,현대,그랜저,프리미엄,53840000,전주공장,1
이영철,여,44,40대 중반,010-1711-3684,인천광역시,2018,11,5,2068342540,제네시스,GV70,EV,54430000,울산공장,1
이영철,여,44,40대 중반,010-9482-4971,인천광역시,2019,5,5,2068342540,제네시스,G80,기본,35610000,인도네시아공장,1
이영철,여,44,40대 중반,010-4990-2560,인천광역시,2017,12,5,2068342540,제네시스,G90,기본,57970000,울산공장,1
이영철,여,44,40대 중반,010-3703-8762,인천광역시,2025,3,5,2068342540,현대,아이오닉6,E-Lite,52720000,인도네시아공장,1
서지원,여,52,50대 초반,010-3522-8282,전라남도 목포시,2022,1,5,834419060,현대,투싼,Modern,29950000,튀르키예공장,1
서지원,여,52,50대 초반,010-6092-7103,전라남도 목포시,2020,1,5,834419060,제네시스,G70,SHOOTINGBRAKE,53430000,울산공장,1
서지원,여,52,50대 초반,010-6749-7512,전라남도 목포시,2017,8,5,834419060,현대,그랜저,프리미엄,19920000,튀르키예공장,1
서지원,여,52,50대 초반,010-6878-9299,전라남도 목포시,2016,10,5,834419060,현대,아이오닉6,E-Lite,66910000,울산공장,1
서지원,여,52,50대 초반,010-1195-6435,전라남도 목포시,2024,11,5,834419060,현대,넥쏘,프리미엄,17060000,울산공장,1
조선영,여,44,40대 중반,010-9131-8126,서울특별시,2022,12,2,1375893980,현대,펠리세이드,Exclusive,30280000,앨라배마공장,1
조선영,여,44,40대 중반,010-7212-1382,서울특별시,2025,12,2,1375893980,현대,캐스퍼,프리미엄,23630000,앨라배마공장,1
권영자,여,57,50대 후반,010-1342-9234,경기도 수원시,2016,2,2,1126468800,현대,스타리아,Modern,63430000,앨라배마공장,1
권영자,여,57,50대 후반,010-7078-2963,경기도 수원시,2017,3,2,1126468800,제네시스,G80,기본,40560000,브라질공장,1
정은지,남,45,40대 중반,010-2590-4125,충청북도 청주시,2024,2,3,1924314420,현대,투싼,Modern,29950000,튀르키예공장,1
정은지,남,45,40대 중반,010-3783-4837,충청북도 청주시,2023,3,3,1924314420,제네시스,G70,SHOOTINGBRAKE,53430000,울산공장,1
정은지,남,45,40대 중반,010-4757-1440,충청북도 청주시,2019,7,3,1924314420,현대,펠리세이드,Exclusive,50560000,체코공장,1
이경희,남,57,50대 후반,010-6049-6613,경상남도 창원시,2018,1,3,826697780,제네시스,GV60,기본,15340000,체코공장,1
이경희,남,57,50대 후반,010-9125-3956,경상남도 창원시,2018,10,3,826697780,현대,쏘나타,Premium,17000000,울산공장,1
이경희,남,57,50대 후반,010-4903-7334,경상남도 창원시,2024,8,3,826697780,제네시스,G80,기본,40560000,브라질공장,1
문승민,여,55,50대 중반,010-2006-8778,전라북도 전주시,2018,10,4,330787800,현대,스타리아,Modern,24750000,앨라배마공장,1
문승민,여,55,50대 중반,010-5208-5100,전라북도 전주시,2019,10,4,330787800,현대,그랜저,프리미엄,23780000,앨라배마공장,1
문승민,여,55,50대 중반,010-8051-4822,전라북도 전주시,2025,10,4,330787800,현대,펠리세이드,Exclusive,61580000,아산공장,1
문승민,여,55,50대 중반,010-8996-6664,전라북도 전주시,2024,2,4,330787800,현대,쏘나타,Premium,17000000,울산공장,1
서서윤,여,23,20대 중반,010-1565-5053,광주광역시,2023,3,5,3183134680,현대,투싼,Modern,37780000,앨라배마공장,1
서서윤,여,23,20대 중반,010-4278-5076,광주광역시,2017,9,5,3183134680,현대,그랜저,프리미엄,63870000,전주공장,1
서서윤,여,23,20대 중반,010-8555-1327,광주광역시,2016,7,5,3183134680,현대,아이오닉5,E-Value+,31850000,인도네시아공장,1
서서윤,여,23,20대 중반,010-9428-9502,광주광역시,2024,4,5,3183134680,현대,아반떼,Smart,53400000,싱가포르공장,1
서서윤,여,23,20대 중반,010-1485-3233,광주광역시,2025,10,5,3183134680,제네시스,GV80,기본,52980000,체코공장,1
지현우,남,28,20대 후반,010-7795-8818,대구광역시,2022,5,3,1405102300,현대,투싼,Modern,37780000,앨라배마공장,1
지현우,남,28,20대 후반,010-3602-9293,대구광역시,2017,2,3,1405102300,제네시스,G70,SHOOTINGBRAKE,53430000,울산공장,1
지현우,남,28,20대 후반,010-3494-9299,대구광역시,2022,11,3,1405102300,현대,펠리세이드,Exclusive,43880000,체코공장,1
김현주,남,46,40대 중반,010-4538-6406,전라북도 전주시,2023,8,4,481251000,제네시스,G90,기본,16610000,브라질공장,1
김현주,남,46,40대 중반,010-2940-2181,전라북도 전주시,2022,4,4,481251000,현대,펠리세이드,Exclusive,68930000,울산공장,1
김현주,남,46,40대 중반,010-4550-5367,전라북도 전주시,2021,9,4,481251000,현대,쏘나타,Premium,45990000,울산공장,1
김현주,남,46,40대 중반,010-9576-6681,전라북도 전주시,2018,5,4,481251000,현대,그랜저,프리미엄,23780000,앨라배마공장,1
박성수,남,29,20대 후반,010-6487-6251,부산광역시,2025,9,5,2365898940,제네시스,GV80,기본,25160000,울산공장,1
박성수,남,29,20대 후반,010-5609-1340,부산광역시,2021,4,5,2365898940,현대,쏘나타,Premium,45990000,울산공장,1
박성수,남,29,20대 후반,010-5547-4595,부산광역시,2016,10,5,2365898940,현대,스타리아,Modern,60550000,앨라배마공장,1
박성수,남,29,20대 후반,010-5765-7617,부산광역시,2016,5,5,2365898940,현대,아이오닉6,E-Lite,19660000,아산공장,1
박성수,남,29,20대 후반,010-2922-2309,부산광역시,2017,9,5,2365898940,제네시스,G70,SHOOTINGBRAKE,53430000,울산공장,1
이진호,여,27,20대 후반,010-5096-3662,서울특별시,2024,8,3,498520200,현대,캐스퍼,프리미엄,66340000,전주공장,1
이진호,여,27,20대 후반,010-5490-1936,서울특별시,2024,3,3,498520200,현대,아반떼,Smart,53400000,싱가포르공장,1
이진호,여,27,20대 후반,010-3037-2827,서울특별시,2023,1,3,498520200,현대,캐스퍼,프리미엄,29840000,튀르키예공장,1
김영순,여,47,40대 후반,010-1695-3084,충청북도 청주시,2021,3,2,1480458000,제네시스,G80,기본,40560000,브라질공장,1
김영순,여,47,40대 후반,010-4726-3075,충청북도 청주시,2018,4,2,1480458000,제네시스,G80,기본,22750000,전주공장,1
류민수,여,67,60대 후반,010-8790-2093,충청북도 청주시,2018,2,5,4219558440,현대,스타리아,Modern,60550000,앨라배마공장,1
류민수,여,67,60대 후반,010-8633-8601,충청북도 청주시,2023,1,5,4219558440,제네시스,GV80,기본,25160000,울산공장,1
류민수,여,67,60대 후반,010-5177-7004,충청북도 청주시,2016,7,5,4219558440,제네시스,G70,SHOOTINGBRAKE,67250000,인도공장,1
류민수,여,67,60대 후반,010-5723-2265,충청북도 청주시,2016,8,5,4219558440,현대,캐스퍼,프리미엄,20630000,체코공장,1
류민수,여,67,60대 후반,010-9897-9063,충청북도 청주시,2023,7,5,4219558440,현대,그랜저,프리미엄,54930000,체코공장,1
장정훈,남,29,20대 후반,010-9152-3444,광주광역시,2016,5,1,759733280,제네시스,G80,기본,35610000,인도네시아공장,1
정현지,남,70,70대 초반,010-9339-6420,광주광역시,2020,12,1,812988150,현대,쏘나타,Premium,42310000,울산공장,1
류영희,여,52,50대 초반,010-5373-6878,경기도 성남시,2025,1,2,433586700,현대,그랜저,프리미엄,18790000,전주공장,1
류영희,여,52,50대 초반,010-9943-3988,경기도 성남시,2019,7,2,433586700,현대,그랜저,프리미엄,25760000,전주공장,1
김서현,남,43,40대 중반,010-3732-5828,전라북도 전주시,2018,7,1,145028550,현대,캐스퍼,프리미엄,29840000,튀르키예공장,1
김상철,남,51,50대 초반,010-1885-1859,인천광역시,2023,9,3,1385643750,현대,쏘나타,Premium,30700000,울산공장,1
김상철,남,51,50대 초반,010-7670-8537,인천광역시,2024,3,3,1385643750,현대,캐스퍼,프리미엄,66340000,전주공장,1
김상철,남,51,50대 초반,010-7325-1922,인천광역시,2020,9,3,1385643750,제네시스,G70,SHOOTINGBRAKE,30000000,전주공장,1
김동현,남,33,30대 중반,010-3447-9147,서울특별시,2021,1,3,2359218640,현대,그랜저,프리미엄,63870000,전주공장,1
김동현,남,33,30대 중반,010-3811-4257,서울특별시,2020,1,3,2359218640,현대,스타리아,Modern,16890000,앨라배마공장,1
김동현,남,33,30대 중반,010-9217-7259,서울특별시,2018,4,3,2359218640,제네시스,GV80,기본,27750000,전주공장,1
안선영,남,64,60대 중반,010-4443-1153,부산광역시,2016,9,1,513802370,제네시스,GV60,기본,46520000,중국공장,1
김명숙,여,24,20대 중반,010-8630-6089,경기도 수원시,2021,6,3,1967537040,제네시스,GV60,기본,46520000,중국공장,1
김명숙,여,24,20대 중반,010-6078-7510,경기도 수원시,2024,11,3,1967537040,현대,투싼,Modern,35270000,체코공장,1
김명숙,여,24,20대 중반,010-3041-3358,경기도 수원시,2021,3,3,1967537040,현대,스타리아,Modern,40580000,인도네시아공장,1
이은정,여,40,40대 초반,010-1831-9246,서울특별시,2025,1,5,4291950080,현대,펠리세이드,Exclusive,21460000,중국공장,1
이은정,여,40,40대 초반,010-7891-7697,서울특별시,2018,4,5,4291950080,현대,그랜저,프리미엄,63870000,전주공장,1
이은정,여,40,40대 초반,010-1634-7144,서울특별시,2017,12,5,4291950080,현대,아이오닉5,E-Value+,39330000,울산공장,1
이은정,여,40,40대 초반,010-3556-5524,서울특별시,2023,9,5,4291950080,현대,투싼,Modern,35270000,체코공장,1
이은정,여,40,40대 초반,010-6493-4316,서울특별시,2022,3,5,4291950080,현대,투싼,Modern,35270000,체코공장,1
이지영,여,47,40대 후반,010-1846-5347,전라북도 전주시,2016,12,1,206201860,제네시스,GV70,EV,45730000,앨라배마공장,1
이진우,여,56,50대 중반,010-3894-9265,경기도 성남시,2020,9,1,273729400,제네시스,G90,기본,57970000,울산공장,1
오서연,여,30,30대 초반,010-5759-8802,경기도 수원시,2020,7,1,711738720,현대,그랜저,프리미엄,25760000,전주공장,1
김정희,여,28,20대 후반,010-2621-7624,충청북도 청주시,2024,12,3,2759804520,현대,아이오닉6,E-Lite,52720000,인도네시아공장,1
김정희,여,28,20대 후반,010-1790-7853,충청북도 청주시,2023,4,3,2759804520,현대,아이오닉6,E-Lite,68900000,싱가포르공장,1
김정희,여,28,20대 후반,010-9188-8753,충청북도 청주시,2024,3,3,2759804520,현대,스타리아,Modern,48850000,인도네시아공장,1
이지혜,여,22,20대 초반,010-8036-9250,전라북도 전주시,2016,10,3,721809270,현대,쏘나타,Premium,39540000,싱가포르공장,1
이지혜,여,22,20대 초반,010-7538-7714,전라북도 전주시,2021,5,3,721809270,제네시스,G80,기본,40560000,브라질공장,1
이지혜,여,22,20대 초반,010-5058-8726,전라북도 전주시,2024,5,3,721809270,제네시스,GV70,EV,25210000,체코공장,1
윤성훈,여,70,70대 초반,010-3797-2111,경기도 수원시,2021,3,1,833242500,제네시스,G90,기본,57970000,울산공장,1
김서연,남,64,60대 중반,010-8991-8171,광주광역시,2022,12,5,4402332900,현대,투싼,Modern,35270000,체코공장,1
김서연,남,64,60대 중반,010-9515-5312,광주광역시,2018,9,5,4402332900,현대,쏘나타,Premium,39540000,싱가포르공장,1
김서연,남,64,60대 중반,010-5281-3073,광주광역시,2020,4,5,4402332900,현대,베뉴,프리미엄,59880000,울산공장,1
김서연,남,64,60대 중반,010-7287-1316,광주광역시,2024,11,5,4402332900,현대,그랜저,프리미엄,63870000,전주공장,1
김서연,남,64,60대 중반,010-5561-2088,광주광역시,2022,5,5,4402332900,제네시스,G90,기본,24950000,전주공장,1
손지후,여,66,60대 중반,010-4795-3959,경기도 수원시,2024,4,2,1788622920,현대,그랜저,프리미엄,63590000,튀르키예공장,1
손지후,여,66,60대 중반,010-8400-9950,경기도 수원시,2018,5,2,1788622920,현대,펠리세이드,Exclusive,27670000,전주공장,1
전정수,여,23,20대 중반,010-6260-6589,경기도 성남시,2025,7,2,675624300,제네시스,GV60,기본,55140000,체코공장,1
전정수,여,23,20대 중반,010-4610-5873,경기도 성남시,2022,9,2,675624300,현대,투싼,Modern,41950000,아산공장,1
구주원,여,62,60대 초반,010-7985-4010,충청북도 청주시,2016,7,5,5001598070,제네시스,GV70,EV,30850000,싱가포르공장,1
구주원,여,62,60대 초반,010-4868-2393,충청북도 청주시,2020,5,5,5001598070,제네시스,G80,기본,35610000,인도네시아공장,1
구주원,여,62,60대 초반,010-7019-2902,충청북도 청주시,2025,10,5,5001598070,현대,스타리아,Modern,33060000,싱가포르공장,1
구주원,여,62,60대 초반,010-8653-2283,충청북도 청주시,2022,10,5,5001598070,현대,스타리아,Modern,60550000,앨라배마공장,1
구주원,여,62,60대 초반,010-7242-1823,충청북도 청주시,2024,7,5,5001598070,현대,스타리아,Modern,26840000,중국공장,1
박영호,남,30,30대 초반,010-9548-3077,경기도 수원시,2020,10,4,4025406210,현대,캐스퍼,프리미엄,66340000,전주공장,1
박영호,남,30,30대 초반,010-1706-1011,경기도 수원시,2017,5,4,4025406210,제네시스,G70,SHOOTINGBRAKE,41130000,인도공장,1
박영호,남,30,30대 초반,010-7383-8177,경기도 수원시,2016,3,4,4025406210,현대,쏘나타,Premium,46040000,인도네시아공장,1
박영호,남,30,30대 초반,010-7786-4494,경기도 수원시,2024,7,4,4025406210,현대,쏘나타,Premium,42730000,인도네시아공장,1
박현정,남,48,40대 후반,010-2277-6662,서울특별시,2024,11,1,967466880,현대,아반떼,Smart,53400000,싱가포르공장,1
이유진,여,24,20대 중반,010-9925-7132,울산광역시,2021,11,5,3509532040,제네시스,GV80,기본,60510000,체코공장,1
이유진,여,24,20대 중반,010-6915-5309,울산광역시,2025,2,5,3509532040,현대,쏘나타,Premium,42730000,인도네시아공장,1
이유진,여,24,20대 중반,010-6734-4210,울산광역시,2024,12,5,3509532040,현대,그랜저,프리미엄,35620000,체코공장,1
이유진,여,24,20대 중반,010-9720-3840,울산광역시,2016,9,5,3509532040,현대,아이오닉5,E-Value+,31850000,인도네시아공장,1
이유진,여,24,20대 중반,010-6886-5950,울산광역시,2017,10,5,3509532040,현대,베뉴,프리미엄,59880000,울산공장,1
한순옥,여,58,50대 후반,010-3036-1944,경상북도 포항시,2025,10,4,1608347840,제네시스,G80,기본,22750000,전주공장,1
한순옥,여,58,50대 후반,010-5442-3927,경상북도 포항시,2021,12,4,1608347840,현대,스타리아,Modern,40580000,인도네시아공장,1
한순옥,여,58,50대 후반,010-3145-1300,경상북도 포항시,2024,1,4,1608347840,현대,스타리아,Modern,19740000,중국공장,1
한순옥,여,58,50대 후반,010-8358-6268,경상북도 포항시,2017,6,4,1608347840,현대,쏘나타,Premium,51450000,인도네시아공장,1
이성수,남,29,20대 후반,010-8655-8819,부산광역시,2023,7,5,2791888700,제네시스,GV70,EV,25210000,체코공장,1
이성수,남,29,20대 후반,010-9275-6486,부산광역시,2020,8,5,2791888700,현대,캐스퍼,프리미엄,20630000,체코공장,1
이성수,남,29,20대 후반,010-1833-1177,부산광역시,2017,10,5,2791888700,현대,펠리세이드,Exclusive,43880000,체코공장,1
이성수,남,29,20대 후반,010-9437-5179,부산광역시,2016,9,5,2791888700,현대,투싼,Modern,67480000,브라질공장,1
이성수,남,29,20대 후반,010-2818-4491,부산광역시,2022,2,5,2791888700,현대,펠리세이드,Exclusive,53900000,전주공장,1
박민수,여,43,40대 중반,010-7961-4675,서울특별시,2022,11,4,924616000,현대,아이오닉6,E-Lite,45920000,싱가포르공장,1
박민수,여,43,40대 중반,010-1323-6722,서울특별시,2018,10,4,924616000,현대,스타리아,Modern,56170000,튀르키예공장,1
박민수,여,43,40대 중반,010-2041-6231,서울특별시,2025,2,4,924616000,현대,그랜저,프리미엄,18790000,전주공장,1
박민수,여,43,40대 중반,010-4684-6946,서울특별시,2022,5,4,924616000,현대,아반떼,Smart,59930000,울산공장,1
노지훈,여,51,50대 초반,010-4504-1521,경기도 성남시,2019,5,3,1224641250,제네시스,G80,기본,35410000,중국공장,1
노지훈,여,51,50대 초반,010-2357-7058,경기도 성남시,2024,6,3,1224641250,현대,아이오닉9,익스클루시브,46710000,튀르키예공장,1
노지훈,여,51,50대 초반,010-8864-9086,경기도 성남시,2017,3,3,1224641250,현대,아이오닉9,익스클루시브,44190000,울산공장,1
권민서,남,62,60대 초반,010-6978-6209,울산광역시,2019,8,1,763772500,제네시스,G90,기본,57970000,울산공장,1
최상철,남,42,40대 초반,010-9004-8319,서울특별시,2022,1,3,3143102940,현대,아이오닉9,익스클루시브,68340000,인도공장,1
최상철,남,42,40대 초반,010-4435-1564,서울특별시,2016,6,3,3143102940,현대,펠리세이드,Exclusive,50560000,체코공장,1
최상철,남,42,40대 초반,010-6746-3177,서울특별시,2020,4,3,3143102940,현대,그랜저,프리미엄,25760000,전주공장,1
최중수,여,39,30대 후반,010-7988-9602,경기도 성남시,2019,1,1,444477320,제네시스,G70,SHOOTINGBRAKE,62980000,아산공장,1
임진우,남,56,50대 중반,010-9411-3544,전라북도 전주시,2018,7,1,277873420,제네시스,G80,기본,69860000,체코공장,1
나선영,여,50,50대 초반,010-8825-8662,충청북도 청주시,2018,9,1,1087815810,제네시스,G80,기본,21000000,울산공장,1
이정식,여,66,60대 중반,010-3837-2035,경상남도 창원시,2020,4,3,1058457360,현대,투싼,Modern,59740000,앨라배마공장,1
이정식,여,66,60대 중반,010-7711-6450,경상남도 창원시,2021,4,3,1058457360,현대,펠리세이드,Exclusive,53900000,전주공장,1
이정식,여,66,60대 중반,010-6135-3352,경상남도 창원시,2021,6,3,1058457360,제네시스,GV60,기본,15340000,체코공장,1
김정숙,남,53,50대 중반,010-2305-8338,서울특별시,2022,12,2,606766300,현대,아이오닉9,익스클루시브,44190000,울산공장,1
김정숙,남,53,50대 중반,010-1585-8104,서울특별시,2024,3,2,606766300,현대,캐스퍼,프리미엄,42900000,브라질공장,1
송수빈,여,66,60대 중반,010-6440-7910,경기도 수원시,2018,12,2,2141099000,현대,아이오닉6,E-Lite,19660000,아산공장,1
송수빈,여,66,60대 중반,010-4685-6195,경기도 수원시,2022,6,2,2141099000,제네시스,GV80,기본,52980000,체코공장,1
강승현,남,39,30대 후반,010-3395-3546,부산광역시,2024,7,4,2484535200,현대,캐스퍼,프리미엄,20630000,체코공장,1
강승현,남,39,30대 후반,010-5380-6369,부산광역시,2022,11,4,2484535200,현대,쏘나타,Premium,63750000,튀르키예공장,1
강승현,남,39,30대 후반,010-8916-8802,부산광역시,2017,10,4,2484535200,현대,아이오닉6,E-Lite,67260000,인도공장,1
강승현,남,39,30대 후반,010-5234-8992,부산광역시,2025,10,4,2484535200,현대,스타리아,Modern,25820000,울산공장,1
황준혁,여,61,60대 초반,010-2665-2103,광주광역시,2025,3,2,1908312900,현대,쏘나타,Premium,23040000,중국공장,1
황준혁,여,61,60대 초반,010-9818-7286,광주광역시,2020,7,2,1908312900,현대,쏘나타,Premium,45990000,울산공장,1
장건우,남,44,40대 중반,010-7348-7633,대전광역시,2018,3,4,1111910130,현대,펠리세이드,Exclusive,47020000,전주공장,1
장건우,남,44,40대 중반,010-6628-9713,대전광역시,2023,2,4,1111910130,현대,캐스퍼,프리미엄,23630000,앨라배마공장,1
장건우,남,44,40대 중반,010-4184-3299,대전광역시,2017,12,4,1111910130,현대,아이오닉9,익스클루시브,68340000,인도공장,1
장건우,남,44,40대 중반,010-1074-9556,대전광역시,2023,10,4,1111910130,현대,투싼,Modern,67580000,울산공장,1
김지은,여,53,50대 중반,010-6139-7012,충청북도 청주시,2023,4,3,3723411240,현대,베뉴,프리미엄,23700000,튀르키예공장,1
김지은,여,53,50대 중반,010-8627-4680,충청북도 청주시,2025,12,3,3723411240,현대,쏘나타,Premium,45990000,울산공장,1
김지은,여,53,50대 중반,010-6331-1169,충청북도 청주시,2016,8,3,3723411240,현대,투싼,Modern,67580000,울산공장,1
서춘자,여,56,50대 중반,010-4360-6122,서울특별시,2022,9,1,1128570750,현대,아이오닉6,E-Lite,66910000,울산공장,1
윤병철,여,59,50대 후반,010-2639-4558,경기도 성남시,2018,7,1,547418880,현대,쏘나타,Premium,46040000,인도네시아공장,1
서서현,여,42,40대 초반,010-3920-2553,서울특별시,2019,1,5,1743954360,현대,아이오닉5,E-Value+,65510000,울산공장,1
서서현,여,42,40대 초반,010-8987-6510,서울특별시,2018,3,5,1743954360,현대,스타리아,Modern,33060000,싱가포르공장,1
서서현,여,42,40대 초반,010-7365-8005,서울특별시,2018,12,5,1743954360,현대,아이오닉9,익스클루시브,44190000,울산공장,1
서서현,여,42,40대 초반,010-9070-1799,서울특별시,2016,9,5,1743954360,제네시스,G80,기본,39350000,인도공장,1
서서현,여,42,40대 초반,010-7063-6402,서울특별시,2022,12,5,1743954360,현대,아반떼,Smart,41900000,앨라배마공장,1
오옥자,여,23,20대 중반,010-2208-4904,전라남도 목포시,2019,1,1,195148800,현대,아이오닉5,E-Value+,38910000,앨라배마공장,1
박건우,남,35,30대 중반,010-9144-7939,전라남도 목포시,2023,9,5,1162926240,현대,캐스퍼,프리미엄,23630000,앨라배마공장,1
박건우,남,35,30대 중반,010-5455-9813,전라남도 목포시,2020,8,5,1162926240,제네시스,GV70,EV,30850000,싱가포르공장,1
박건우,남,35,30대 중반,010-8117-5832,전라남도 목포시,2022,1,5,1162926240,현대,쏘나타,Premium,63750000,튀르키예공장,1
박건우,남,35,30대 중반,010-3746-4247,전라남도 목포시,2016,6,5,1162926240,현대,아반떼,Smart,41900000,앨라배마공장,1
박건우,남,35,30대 중반,010-8165-1595,전라남도 목포시,2018,5,5,1162926240,현대,스타리아,Modern,60550000,앨라배마공장,1
허경수,여,42,40대 초반,010-1504-6387,경기도 성남시,2018,6,1,657048960,현대,아이오닉9,익스클루시브,16300000,인도공장,1
박도윤,여,59,50대 후반,010-6989-6746,경기도 성남시,2022,10,5,3532315410,현대,아이오닉6,E-Lite,66910000,울산공장,1
박도윤,여,59,50대 후반,010-4236-3383,경기도 성남시,2024,12,5,3532315410,현대,투싼,Modern,18910000,브라질공장,1
박도윤,여,59,50대 후반,010-7474-3407,경기도 성남시,2022,5,5,3532315410,제네시스,GV60,기본,55140000,체코공장,1
박도윤,여,59,50대 후반,010-3330-2127,경기도 성남시,2017,6,5,3532315410,현대,캐스퍼,프리미엄,29840000,튀르키예공장,1
박도윤,여,59,50대 후반,010-6446-3650,경기도 성남시,2023,5,5,3532315410,현대,스타리아,Modern,25820000,울산공장,1
윤현지,남,65,60대 중반,010-1727-2252,서울특별시,2016,11,5,6285762140,제네시스,G70,SHOOTINGBRAKE,67250000,인도공장,1
윤현지,남,65,60대 중반,010-5627-6240,서울특별시,2023,12,5,6285762140,현대,스타리아,Modern,44040000,전주공장,1
윤현지,남,65,60대 중반,010-4074-2988,서울특별시,2019,5,5,6285762140,현대,캐스퍼,프리미엄,20630000,체코공장,1
윤현지,남,65,60대 중반,010-2206-7766,서울특별시,2017,4,5,6285762140,현대,투싼,Modern,67480000,브라질공장,1
윤현지,남,65,60대 중반,010-6742-8983,서울특별시,2017,3,5,6285762140,현대,스타리아,Modern,44040000,전주공장,1
오승현,여,41,40대 초반,010-2107-2491,경기도 수원시,2019,3,2,2439414450,현대,넥쏘,프리미엄,17060000,울산공장,1
오승현,여,41,40대 초반,010-4840-9051,경기도 수원시,2024,4,2,2439414450,현대,아이오닉9,익스클루시브,59260000,브라질공장,1
권재호,남,71,70대 초반,010-3150-1302,전라남도 목포시,2021,9,3,875949840,현대,쏘나타,Premium,42730000,인도네시아공장,1
권재호,남,71,70대 초반,010-1999-5803,전라남도 목포시,2022,2,3,875949840,제네시스,GV60,기본,15340000,체코공장,1
권재호,남,71,70대 초반,010-1214-9275,전라남도 목포시,2021,9,3,875949840,현대,아반떼,Smart,25280000,인도네시아공장,1
류경숙,여,69,60대 후반,010-3357-1044,경상남도 창원시,2016,1,3,1195272520,현대,쏘나타,Premium,17000000,울산공장,1
류경숙,여,69,60대 후반,010-8711-6296,경상남도 창원시,2020,1,3,1195272520,현대,쏘나타,Premium,17000000,울산공장,1
류경숙,여,69,60대 후반,010-7953-8575,경상남도 창원시,2019,5,3,1195272520,현대,캐스퍼,프리미엄,20630000,체코공장,1
노상훈,남,67,60대 후반,010-1014-9169,부산광역시,2016,6,5,3360994560,제네시스,G90,기본,24950000,전주공장,1
노상훈,남,67,60대 후반,010-8017-4767,부산광역시,2020,6,5,3360994560,현대,스타리아,Modern,42470000,튀르키예공장,1
노상훈,남,67,60대 후반,010-9412-2882,부산광역시,2018,3,5,3360994560,현대,스타리아,Modern,60550000,앨라배마공장,1
노상훈,남,67,60대 후반,010-7056-4651,부산광역시,2020,7,5,3360994560,현대,펠리세이드,Exclusive,42340000,인도공장,1
노상훈,남,67,60대 후반,010-7427-7007,부산광역시,2018,9,5,3360994560,현대,펠리세이드,Exclusive,50560000,체코공장,1
양지훈,남,22,20대 초반,010-4308-4016,경기도 수원시,2016,11,5,6543998000,제네시스,G80,기본,35410000,중국공장,1
양지훈,남,22,20대 초반,010-1637-2343,경기도 수원시,2023,12,5,6543998000,제네시스,GV80,기본,25160000,울산공장,1
양지훈,남,22,20대 초반,010-9425-6794,경기도 수원시,2024,10,5,6543998000,제네시스,G80,기본,22750000,전주공장,1
양지훈,남,22,20대 초반,010-7697-4103,경기도 수원시,2019,8,5,6543998000,제네시스,G90,기본,34810000,전주공장,1
양지훈,남,22,20대 초반,010-2596-1838,경기도 수원시,2023,6,5,6543998000,현대,스타리아,Modern,56170000,튀르키예공장,1
박지민,남,50,50대 초반,010-6361-4086,전라북도 전주시,2023,12,5,1800263450,현대,캐스퍼,프리미엄,29840000,튀르키예공장,1
박지민,남,50,50대 초반,010-1569-7924,전라북도 전주시,2016,8,5,1800263450,현대,아이오닉5,E-Value+,39330000,울산공장,1
박지민,남,50,50대 초반,010-7454-6267,전라북도 전주시,2020,12,5,1800263450,제네시스,G70,SHOOTINGBRAKE,67250000,인도공장,1
박지민,남,50,50대 초반,010-8949-6023,전라북도 전주시,2019,5,5,1800263450,현대,쏘나타,Premium,17000000,울산공장,1
박지민,남,50,50대 초반,010-8196-3387,전라북도 전주시,2019,8,5,1800263450,현대,그랜저,프리미엄,15640000,튀르키예공장,1
박정훈,여,40,40대 초반,010-5606-2171,광주광역시,2023,10,5,5346235440,현대,아이오닉5,E-Value+,22690000,앨라배마공장,1
박정훈,여,40,40대 초반,010-3314-3329,광주광역시,2019,12,5,5346235440,현대,그랜저,프리미엄,67760000,브라질공장,1
박정훈,여,40,40대 초반,010-4846-3082,광주광역시,2023,4,5,5346235440,현대,스타리아,Modern,16890000,앨라배마공장,1
박정훈,여,40,40대 초반,010-7411-4838,광주광역시,2021,10,5,5346235440,현대,베뉴,프리미엄,59880000,울산공장,1
박정훈,여,40,40대 초반,010-8940-3183,광주광역시,2016,8,5,5346235440,현대,아이오닉5,E-Value+,38910000,앨라배마공장,1
최영일,여,48,40대 후반,010-1889-2336,충청남도 천안시,2023,10,3,952867890,제네시스,GV70,EV,25210000,체코공장,1
최영일,여,48,40대 후반,010-2777-6795,충청남도 천안시,2023,12,3,952867890,제네시스,G80,기본,21000000,울산공장,1
최영일,여,48,40대 후반,010-3839-9130,충청남도 천안시,2022,2,3,952867890,현대,베뉴,프리미엄,23700000,튀르키예공장,1
곽도윤,여,70,70대 초반,010-3032-3619,경상북도 포항시,2019,12,2,994792880,현대,아이오닉6,E-Lite,23600000,인도공장,1
곽도윤,여,70,70대 초반,010-6853-3332,경상북도 포항시,2020,12,2,994792880,현대,그랜저,프리미엄,54930000,체코공장,1
양은주,남,26,20대 중반,010-8644-1143,서울특별시,2024,5,1,438311680,현대,캐스퍼,프리미엄,29840000,튀르키예공장,1
김영식,남,43,40대 중반,010-3234-2729,광주광역시,2018,9,2,2278709100,제네시스,GV70,EV,49610000,아산공장,1
김영식,남,43,40대 중반,010-4258-4587,광주광역시,2016,4,2,2278709100,현대,아이오닉6,E-Lite,66910000,울산공장,1
장지현,여,56,50대 중반,010-6632-9694,경기도 성남시,2023,11,3,2284792200,제네시스,G80,기본,21000000,울산공장,1
장지현,여,56,50대 중반,010-1852-3345,경기도 성남시,2023,6,3,2284792200,현대,펠리세이드,Exclusive,27670000,전주공장,1
장지현,여,56,50대 중반,010-9391-1507,경기도 성남시,2019,1,3,2284792200,현대,스타리아,Modern,60550000,앨라배마공장,1
김영숙,여,63,60대 중반,010-8068-4119,서울특별시,2022,9,2,2685458720,제네시스,G80,기본,40560000,브라질공장,1
김영숙,여,63,60대 중반,010-9003-6838,서울특별시,2017,1,2,2685458720,현대,쏘나타,Premium,30700000,울산공장,1
홍영철,여,61,60대 초반,010-5489-7659,서울특별시,2020,5,5,2682643860,제네시스,G80,기본,39350000,인도공장,1
홍영철,여,61,60대 초반,010-3956-4347,서울특별시,2020,4,5,2682643860,현대,펠리세이드,Exclusive,30280000,앨라배마공장,1
홍영철,여,61,60대 초반,010-1503-5771,서울특별시,2023,12,5,2682643860,현대,투싼,Modern,41950000,아산공장,1
홍영철,여,61,60대 초반,010-5277-2284,서울특별시,2024,3,5,2682643860,제네시스,G90,기본,64110000,울산공장,1
홍영철,여,61,60대 초반,010-2239-4767,서울특별시,2020,6,5,2682643860,현대,쏘나타,Premium,42310000,울산공장,1
박상철,여,28,20대 후반,010-7882-5558,충청북도 청주시,2020,2,3,3990889680,현대,그랜저,프리미엄,67760000,브라질공장,1
박상철,여,28,20대 후반,010-4524-2328,충청북도 청주시,2017,3,3,3990889680,현대,투싼,Modern,35270000,체코공장,1
박상철,여,28,20대 후반,010-6764-7605,충청북도 청주시,2018,5,3,3990889680,현대,아반떼,Smart,53400000,싱가포르공장,1
이영희,여,26,20대 중반,010-7648-9639,인천광역시,2021,9,3,1557498720,제네시스,G80,기본,39350000,인도공장,1
이영희,여,26,20대 중반,010-1265-2470,인천광역시,2022,2,3,1557498720,현대,펠리세이드,Exclusive,27670000,전주공장,1
이영희,여,26,20대 중반,010-4321-6190,인천광역시,2025,10,3,1557498720,현대,투싼,Modern,29950000,튀르키예공장,1
박영일,여,35,30대 중반,010-7075-1702,경상북도 포항시,2024,8,2,1113171220,제네시스,G70,SHOOTINGBRAKE,62980000,아산공장,1
박영일,여,35,30대 중반,010-1006-5270,경상북도 포항시,2018,2,2,1113171220,현대,펠리세이드,Exclusive,45050000,중국공장,1
최유진,남,50,50대 초반,010-7999-4498,광주광역시,2018,11,4,5163151160,현대,스타리아,Modern,42470000,튀르키예공장,1
최유진,남,50,50대 초반,010-1540-7980,광주광역시,2019,5,4,5163151160,제네시스,G90,기본,48420000,싱가포르공장,1
최유진,남,50,50대 초반,010-8062-4917,광주광역시,2018,7,4,5163151160,현대,그랜저,프리미엄,23780000,앨라배마공장,1
최유진,남,50,50대 초반,010-5532-6436,광주광역시,2022,8,4,5163151160,현대,쏘나타,Premium,51450000,인도네시아공장,1
김지민,여,64,60대 중반,010-4849-1528,충청북도 청주시,2022,1,5,7109869710,현대,스타리아,Modern,44040000,전주공장,1
김지민,여,64,60대 중반,010-8560-2807,충청북도 청주시,2025,6,5,7109869710,현대,그랜저,프리미엄,63590000,튀르키예공장,1
김지민,여,64,60대 중반,010-3238-5794,충청북도 청주시,2021,1,5,7109869710,현대,아이오닉5,E-Value+,31850000,인도네시아공장,1
김지민,여,64,60대 중반,010-2751-5593,충청북도 청주시,2019,2,5,7109869710,현대,투싼,Modern,18910000,브라질공장,1
김지민,여,64,60대 중반,010-3767-9561,충청북도 청주시,2020,1,5,7109869710,제네시스,GV80,기본,18370000,앨라배마공장,1
한옥순,남,67,60대 후반,010-4213-7349,경상북도 포항시,2018,11,4,2438829040,현대,쏘나타,Premium,46040000,인도네시아공장,1
한옥순,남,67,60대 후반,010-4633-1586,경상북도 포항시,2022,5,4,2438829040,현대,캐스퍼,프리미엄,20630000,체코공장,1
한옥순,남,67,60대 후반,010-3139-5852,경상북도 포항시,2016,10,4,2438829040,현대,아이오닉5,E-Value+,65510000,울산공장,1
한옥순,남,67,60대 후반,010-6881-7579,경상북도 포항시,2016,9,4,2438829040,현대,스타리아,Modern,40580000,인도네시아공장,1
최옥순,여,47,40대 후반,010-5247-2995,대전광역시,2022,6,2,620068050,제네시스,G70,SHOOTINGBRAKE,30000000,전주공장,1
최옥순,여,47,40대 후반,010-8748-7450,대전광역시,2016,11,2,620068050,제네시스,GV70,EV,30850000,싱가포르공장,1
이예진,남,52,50대 초반,010-5206-6778,서울특별시,2020,11,4,5925400000,제네시스,G90,기본,16610000,브라질공장,1
이예진,남,52,50대 초반,010-6413-8923,서울특별시,2020,1,4,5925400000,현대,베뉴,프리미엄,23700000,튀르키예공장,1
이예진,남,52,50대 초반,010-4227-6816,서울특별시,2022,1,4,5925400000,현대,아반떼,Smart,41900000,앨라배마공장,1
이예진,남,52,50대 초반,010-4166-8205,서울특별시,2021,2,4,5925400000,현대,아반떼,Smart,25280000,인도네시아공장,1
노예은,남,44,40대 중반,010-9384-8440,광주광역시,2023,9,1,1454173580,현대,아이오닉5,E-Value+,65510000,울산공장,1
최영길,남,41,40대 초반,010-9810-1135,대구광역시,2017,3,4,2040247100,현대,아반떼,Smart,53400000,싱가포르공장,1
최영길,남,41,40대 초반,010-1340-2634,대구광역시,2016,1,4,2040247100,제네시스,GV60,기본,46520000,중국공장,1
최영길,남,41,40대 초반,010-4895-2141,대구광역시,2016,5,4,2040247100,현대,스타리아,Modern,42470000,튀르키예공장,1
최영길,남,41,40대 초반,010-8243-8840,대구광역시,2022,7,4,2040247100,현대,아이오닉9,익스클루시브,59260000,브라질공장,1
신시우,여,67,60대 후반,010-6860-4264,전라북도 전주시,2022,6,2,907252920,제네시스,GV70,EV,54430000,울산공장,1
신시우,여,67,60대 후반,010-5399-2207,전라북도 전주시,2019,12,2,907252920,현대,아반떼,Smart,53400000,싱가포르공장,1
최춘자,여,49,40대 후반,010-7899-5424,충청남도 천안시,2024,1,3,1063859600,제네시스,G80,기본,43240000,아산공장,1
최춘자,여,49,40대 후반,010-1197-9249,충청남도 천안시,2023,5,3,1063859600,현대,그랜저,프리미엄,18790000,전주공장,1
최춘자,여,49,40대 후반,010-9033-1208,충청남도 천안시,2021,5,3,1063859600,제네시스,G80,기본,41120000,중국공장,1
차서준,여,57,50대 후반,010-2291-9693,경상남도 창원시,2022,6,2,950938230,제네시스,G90,기본,48420000,싱가포르공장,1
차서준,여,57,50대 후반,010-2079-3992,경상남도 창원시,2016,3,2,950938230,현대,펠리세이드,Exclusive,50560000,체코공장,1
안정희,남,41,40대 초반,010-9074-8311,대구광역시,2018,5,2,1226832750,제네시스,G70,SHOOTINGBRAKE,41130000,인도공장,1
안정희,남,41,40대 초반,010-5167-6449,대구광역시,2021,7,2,1226832750,현대,아이오닉9,익스클루시브,68340000,인도공장,1
최민수,여,65,60대 중반,010-3694-2738,전라남도 목포시,2023,5,5,1863393840,현대,아이오닉6,E-Lite,68900000,싱가포르공장,1
최민수,여,65,60대 중반,010-3203-2899,전라남도 목포시,2021,5,5,1863393840,현대,투싼,Modern,50610000,중국공장,1
최민수,여,65,60대 중반,010-6721-5920,전라남도 목포시,2017,5,5,1863393840,현대,베뉴,프리미엄,59880000,울산공장,1
최민수,여,65,60대 중반,010-5179-2418,전라남도 목포시,2025,10,5,1863393840,현대,쏘나타,Premium,46040000,인도네시아공장,1
최민수,여,65,60대 중반,010-4812-2365,전라남도 목포시,2023,10,5,1863393840,현대,그랜저,프리미엄,63870000,전주공장,1
김지원,남,70,60대,010-1107-5009,대구광역시,2025,3,6,0,제네시스,G70,SHOOTINGBRAKE,45450000,브라질공장,1
김민아,여,35,30대,010-9999-0000,서울특별시,2025,1,1,0,제네시스,G70,SHOOTINGBRAKE,45450000,브라질공장,1
